Plan,Asignatura id,Asignatura,Nivel,Prerequisito
GH1,GH151,ARTES OSCURAS Y VUELO,4.0,
HP1,HP151,ARTES OSCURAS Y VUELO,4.0,
HP1,HP151,ARTES OSCURAS Y VUELO,4.0,
HP1,HP151,ARTES OSCURAS Y VUELO,4.0,
HP1,HP151,ARTES OSCURAS Y VUELO,4.0,
HP1,HP151,ARTES OSCURAS Y VUELO,4.0,
HW1,HW151,ARTES OSCURAS Y VUELO,4.0,
GH1,GH152,Departamento de Regulación y Control de Criaturas Mágicas,3.0,
HP1,HP152,Departamento de Regulación y Control de Criaturas Mágicas,3.0,
HP1,HP152,Departamento de Regulación y Control de Criaturas Mágicas,3.0,
HP1,HP152,Departamento de Regulación y Control de Criaturas Mágicas,3.0,
HP1,HP152,Departamento de Regulación y Control de Criaturas Mágicas,4.0,
HW1,HW152,Departamento de Regulación y Control de Criaturas Mágicas,3.0,
GH1,GH153,MAGIA BLANCA,3.0,
HP1,HP153,MAGIA BLANCA,3.0,
HP1,HP153,MAGIA BLANCA,3.0,
HP1,HP153,MAGIA BLANCA,3.0,
HP1,HP153,MAGIA BLANCA,3.0,
HP1,HP153,MAGIA BLANCA,3.0,
HW1,HW153,MAGIA BLANCA,3.0,
GH1,GH154,ENCANTAMIENTOS  I,2.0,
HP1,HP154,ENCANTAMIENTOS  I,2.0,
HP1,HP154,ENCANTAMIENTOS  I,2.0,
HP1,HP154,ENCANTAMIENTOS  I,2.0,
HP1,HP154,ENCANTAMIENTOS  I,2.0,
HW1,HW154,ENCANTAMIENTOS  I,2.0,
GH1,GH155,ENCANTAMIENTOS  II,3.0,
HP1,HP155,ENCANTAMIENTOS  II,3.0,
HP1,HP155,ENCANTAMIENTOS  II,3.0,
HP1,HP155,ENCANTAMIENTOS  II,3.0,
HP1,HP155,ENCANTAMIENTOS  II,3.0,
HP1,HP155,ENCANTAMIENTOS  II,3.0,
HW1,HW155,ENCANTAMIENTOS  II,3.0,
GH1,GH156,ENCANTAMIENTOS  III,4.0,
HP1,HP156,ENCANTAMIENTOS  III,4.0,
HP1,HP156,ENCANTAMIENTOS  III,4.0,
HP1,HP156,ENCANTAMIENTOS  III,4.0,
HP1,HP156,ENCANTAMIENTOS  III,4.0,
HP1,HP156,ENCANTAMIENTOS  III,4.0,
HW1,HW156,ENCANTAMIENTOS  III,4.0,
GH1,GH157,ENCANTAMIENTOS  IV,5.0,
HP1,HP157,ENCANTAMIENTOS  IV,5.0,
HP1,HP157,ENCANTAMIENTOS  IV,5.0,
HP1,HP157,ENCANTAMIENTOS  IV,5.0,
HP1,HP157,ENCANTAMIENTOS  IV,5.0,
HP1,HP157,ENCANTAMIENTOS  IV,5.0,
HP1,HP157,ENCANTAMIENTOS  IV,5.0,
HW1,HW157,ENCANTAMIENTOS  IV,1.0,
HW1,HW157,ENCANTAMIENTOS  IV,5.0,
HW1,HW157,ENCANTAMIENTOS  IV,5.0,
GH1,GH158,MAGIA NEGRA I,4.0,
HP1,HP158,MAGIA NEGRA I,4.0,
HP1,HP158,MAGIA NEGRA I,4.0,
HP1,HP158,MAGIA NEGRA I,4.0,
HP1,HP158,MAGIA NEGRA I,4.0,
HP1,HP158,MAGIA NEGRA I,4.0,
HW1,HW158,MAGIA NEGRA I,4.0,
GH1,GH159,MAGIA NEGRA II,5.0,
HP1,HP159,MAGIA NEGRA II,5.0,
HP1,HP159,MAGIA NEGRA II,5.0,
HP1,HP159,MAGIA NEGRA II,5.0,
HP1,HP159,MAGIA NEGRA II,5.0,
HP1,HP159,MAGIA NEGRA II,5.0,
HP1,HP159,MAGIA NEGRA II,5.0,
HP1,HP159,MAGIA NEGRA II,5.0,
HP1,HP159,MAGIA NEGRA II,5.0,
HW1,HW159,MAGIA NEGRA II,5.0,
HW1,HW159,MAGIA NEGRA II,5.0,
HW1,HW159,MAGIA NEGRA II,5.0,
GH1,GH160,POCIONES,2.0,
HP1,HP160,POCIONES,2.0,
HP1,HP160,POCIONES,2.0,
HP1,HP160,POCIONES,2.0,
HP1,HP160,POCIONES,2.0,
HW1,HW160,POCIONES,2.0,
HP1,HP161,XILOMANCIA,4.0,
HP1,HP161,XILOMANCIA,4.0,
HP1,HP161,XILOMANCIA,4.0,
HP1,HP161,XILOMANCIA,4.0,
HW1,HW161,XILOMANCIA,4.0,
GH1,GH162,MAGIA TERRESTRE,5.0,
HP1,HP162,MAGIA TERRESTRE,5.0,
HP1,HP162,MAGIA TERRESTRE,5.0,
HP1,HP162,MAGIA TERRESTRE,5.0,
HP1,HP162,MAGIA TERRESTRE,5.0,
HP1,HP162,MAGIA TERRESTRE,5.0,
HP1,HP162,MAGIA TERRESTRE,5.0,
HP1,HP162,MAGIA TERRESTRE,5.0,
HP1,HP162,MAGIA TERRESTRE,5.0,
HW1,HW162,MAGIA TERRESTRE,5.0,
HW1,HW162,MAGIA TERRESTRE,5.0,
HW1,HW162,MAGIA TERRESTRE,5.0,
GH1,GH163,MAGIA DEL TRABAJO,3.0,
HP1,HP163,MAGIA DEL TRABAJO,3.0,
HP1,HP163,MAGIA DEL TRABAJO,3.0,
HP1,HP163,MAGIA DEL TRABAJO,3.0,
HP1,HP163,MAGIA DEL TRABAJO,3.0,
HP1,HP163,MAGIA DEL TRABAJO,3.0,
HW1,HW163,MAGIA DEL TRABAJO,3.0,
HP1,HP164,TEORIA MAGICA  I (INTRODUCCION A LA MAGIA),1.0,
HP1,HP164,TEORIA MAGICA  I (INTRODUCCION A LA MAGIA),1.0,
HP1,HP164,TEORIA MAGICA  I (INTRODUCCION A LA MAGIA),1.0,
HP1,HP164,TEORIA MAGICA  I (INTRODUCCION A LA MAGIA),1.0,
HP1,HP164,TEORIA MAGICA  I (INTRODUCCION A LA MAGIA),1.0,
HP1,HP164,TEORIA MAGICA  I (INTRODUCCION A LA MAGIA),1.0,
HW1,HW164,TEORIA MAGICA  I (INTRODUCCION A LA MAGIA),1.0,
HW1,HW164,TEORIA MAGICA  I (INTRODUCCION A LA MAGIA),1.0,
HW1,HW164,TEORIA MAGICA  I (INTRODUCCION A LA MAGIA),1.0,
HP1,HP165,TEORIA MAGICA II (POLITICA ECONOMICA),2.0,
HP1,HP165,TEORIA MAGICA II (POLITICA ECONOMICA),2.0,
HP1,HP165,TEORIA MAGICA II (POLITICA ECONOMICA),2.0,
HP1,HP165,TEORIA MAGICA II (POLITICA ECONOMICA),2.0,
HW1,HW165,TEORIA MAGICA II (POLITICA ECONOMICA),2.0,
GH1,GH166,TEORIA MAGICA III (LEGISLACION ECONOMICA),4.0,
HP1,HP166,TEORIA MAGICA III (LEGISLACION ECONOMICA),4.0,
HP1,HP166,TEORIA MAGICA III (LEGISLACION ECONOMICA),4.0,
HP1,HP166,TEORIA MAGICA III (LEGISLACION ECONOMICA),4.0,
HP1,HP166,TEORIA MAGICA III (LEGISLACION ECONOMICA),5.0,
HP1,HP166,TEORIA MAGICA III (LEGISLACION ECONOMICA),5.0,
HW1,HW166,TEORIA MAGICA III (LEGISLACION ECONOMICA),4.0,
GH1,GH167,TEORIA MAGICA IV (MAGIA TRIBUTARIO),5.0,
HP1,HP167,TEORIA MAGICA IV (MAGIA TRIBUTARIO),4.0,
HP1,HP167,TEORIA MAGICA IV (MAGIA TRIBUTARIO),5.0,
HP1,HP167,TEORIA MAGICA IV (MAGIA TRIBUTARIO),5.0,
HP1,HP167,TEORIA MAGICA IV (MAGIA TRIBUTARIO),5.0,
HP1,HP167,TEORIA MAGICA IV (MAGIA TRIBUTARIO),5.0,
HW1,HW167,TEORIA MAGICA IV (MAGIA TRIBUTARIO),5.0,
HW1,HW167,TEORIA MAGICA IV (MAGIA TRIBUTARIO),5.0,
HW1,HW167,TEORIA MAGICA IV (MAGIA TRIBUTARIO),5.0,
GH1,GH168,MAGIA INTERNACIONAL PRIVADA,5.0,
HP1,HP168,MAGIA INTERNACIONAL PRIVADA,5.0,
HP1,HP168,MAGIA INTERNACIONAL PRIVADA,5.0,
HP1,HP168,MAGIA INTERNACIONAL PRIVADA,5.0,
HP1,HP168,MAGIA INTERNACIONAL PRIVADA,5.0,
HP1,HP168,MAGIA INTERNACIONAL PRIVADA,5.0,
HP1,HP168,MAGIA INTERNACIONAL PRIVADA,5.0,
HP1,HP168,MAGIA INTERNACIONAL PRIVADA,5.0,
HP1,HP168,MAGIA INTERNACIONAL PRIVADA,5.0,
HW1,HW168,MAGIA INTERNACIONAL PRIVADA,5.0,
HW1,HW168,MAGIA INTERNACIONAL PRIVADA,5.0,
HW1,HW168,MAGIA INTERNACIONAL PRIVADA,5.0,
GH1,GH169,MAGIA INTERNACIONAL PRIVADA,2.0,
HP1,HP169,MAGIA INTERNACIONAL PRIVADA,2.0,
HP1,HP169,MAGIA INTERNACIONAL PRIVADA,2.0,
HP1,HP169,MAGIA INTERNACIONAL PRIVADA,2.0,
HP1,HP169,MAGIA INTERNACIONAL PRIVADA,2.0,
HW1,HW169,MAGIA INTERNACIONAL PRIVADA,2.0,
GH1,GH170,ADIVINACION  I,3.0,
HP1,HP170,ADIVINACION  I,2.0,
HP1,HP170,ADIVINACION  I,2.0,
HP1,HP170,ADIVINACION  I,2.0,
HP1,HP170,ADIVINACION  I,3.0,
HP1,HP170,ADIVINACION  I,3.0,
HP1,HP170,ADIVINACION  I,3.0,
HW1,HW170,ADIVINACION  I,3.0,
GH1,GH171,ADIVINACION  II,4.0,
HP1,HP171,ADIVINACION  II,3.0,
HP1,HP171,ADIVINACION  II,4.0,
HP1,HP171,ADIVINACION  II,4.0,
HP1,HP171,ADIVINACION  II,4.0,
HP1,HP171,ADIVINACION  II,4.0,
HW1,HW171,ADIVINACION  II,4.0,
GH1,GH172,MAGIA POLITICA,1.0,
HP1,HP172,MAGIA POLITICA,1.0,
HP1,HP172,MAGIA POLITICA,1.0,
HP1,HP172,MAGIA POLITICA,1.0,
HP1,HP172,MAGIA POLITICA,1.0,
HP1,HP172,MAGIA POLITICA,1.0,
HP1,HP172,MAGIA POLITICA,1.0,
HW1,HW172,MAGIA POLITICA,1.0,
HW1,HW172,MAGIA POLITICA,1.0,
HW1,HW172,MAGIA POLITICA,1.0,
HW1,HW172,MAGIA POLITICA,1.0,
GH1,GH173,ESTUDIOS DE DEMONIOS NECROFAGOS  I,2.0,
HP1,HP173,ESTUDIOS DE DEMONIOS NECROFAGOS  I,2.0,
HP1,HP173,ESTUDIOS DE DEMONIOS NECROFAGOS  I,2.0,
HP1,HP173,ESTUDIOS DE DEMONIOS NECROFAGOS  I,2.0,
HP1,HP173,ESTUDIOS DE DEMONIOS NECROFAGOS  I,2.0,
HW1,HW173,ESTUDIOS DE DEMONIOS NECROFAGOS  I,2.0,
GH1,GH174,ESTUDIOS DE DEMONIOS NECROFAGOS  II,3.0,
HP1,HP174,ESTUDIOS DE DEMONIOS NECROFAGOS  II,3.0,
HP1,HP174,ESTUDIOS DE DEMONIOS NECROFAGOS  II,3.0,
HP1,HP174,ESTUDIOS DE DEMONIOS NECROFAGOS  II,3.0,
HP1,HP174,ESTUDIOS DE DEMONIOS NECROFAGOS  II,3.0,
HP1,HP174,ESTUDIOS DE DEMONIOS NECROFAGOS  II,3.0,
HW1,HW174,ESTUDIOS DE DEMONIOS NECROFAGOS  II,3.0,
GH1,GH175,ESTUDIOS DE DEMONIOS NECROFAGOS  III,4.0,
HP1,HP175,ESTUDIOS DE DEMONIOS NECROFAGOS  III,4.0,
HP1,HP175,ESTUDIOS DE DEMONIOS NECROFAGOS  III,4.0,
HP1,HP175,ESTUDIOS DE DEMONIOS NECROFAGOS  III,4.0,
HP1,HP175,ESTUDIOS DE DEMONIOS NECROFAGOS  III,4.0,
HP1,HP175,ESTUDIOS DE DEMONIOS NECROFAGOS  III,4.0,
HW1,HW175,ESTUDIOS DE DEMONIOS NECROFAGOS  III,4.0,
GH1,GH176,ESTUDIOS DE DEMONIOS NECROFAGOS  IV,5.0,
HP1,HP176,ESTUDIOS DE DEMONIOS NECROFAGOS  IV,5.0,
HP1,HP176,ESTUDIOS DE DEMONIOS NECROFAGOS  IV,5.0,
HP1,HP176,ESTUDIOS DE DEMONIOS NECROFAGOS  IV,5.0,
HW1,HW176,ESTUDIOS DE DEMONIOS NECROFAGOS  IV,5.0,
HW1,HW176,ESTUDIOS DE DEMONIOS NECROFAGOS  IV,5.0,
HW1,HW176,ESTUDIOS DE DEMONIOS NECROFAGOS  IV,5.0,
GH1,GH177,RUNAS ANTIGUAS,1.0,
HP1,HP177,RUNAS ANTIGUAS,1.0,
HP1,HP177,RUNAS ANTIGUAS,1.0,
HP1,HP177,RUNAS ANTIGUAS,1.0,
HP1,HP177,RUNAS ANTIGUAS,1.0,
HP1,HP177,RUNAS ANTIGUAS,1.0,
HP1,HP177,RUNAS ANTIGUAS,1.0,
HW1,HW177,RUNAS ANTIGUAS,1.0,
HW1,HW177,RUNAS ANTIGUAS,1.0,
HW1,HW177,RUNAS ANTIGUAS,1.0,
HW1,HW177,RUNAS ANTIGUAS,1.0,
GH1,GH178,ETICA FILOSOFAL,5.0,
HP1,HP178,ETICA FILOSOFAL,5.0,
HP1,HP178,ETICA FILOSOFAL,5.0,
HP1,HP178,ETICA FILOSOFAL,5.0,
HP1,HP178,ETICA FILOSOFAL,5.0,
HP1,HP178,ETICA FILOSOFAL,5.0,
HP1,HP178,ETICA FILOSOFAL,5.0,
HP1,HP178,ETICA FILOSOFAL,5.0,
HP1,HP178,ETICA FILOSOFAL,5.0,
HW1,HW178,ETICA FILOSOFAL,5.0,
HW1,HW178,ETICA FILOSOFAL,5.0,
HW1,HW178,ETICA FILOSOFAL,5.0,
GH1,GH179,CASTELLANO,1.0,
HP1,HP179,CASTELLANO,1.0,
HP1,HP179,CASTELLANO,1.0,
HW1,HW179,CASTELLANO,1.0,
HW1,HW179,CASTELLANO,1.0,
GH1,GH180,ESTUDIOS MUGGLE E INSTITUCIONAL,2.0,
HP1,HP180,ESTUDIOS MUGGLE E INSTITUCIONAL,2.0,
HP1,HP180,ESTUDIOS MUGGLE E INSTITUCIONAL,2.0,
HP1,HP180,ESTUDIOS MUGGLE E INSTITUCIONAL,2.0,
HW1,HW180,ESTUDIOS MUGGLE E INSTITUCIONAL,2.0,
HP1,HP181,HISTORIA DEL MAGIA I,1.0,
HP1,HP181,HISTORIA DEL MAGIA I,1.0,
HP1,HP181,HISTORIA DEL MAGIA I,1.0,
HP1,HP181,HISTORIA DEL MAGIA I,1.0,
HP1,HP181,HISTORIA DEL MAGIA I,1.0,
HP1,HP181,HISTORIA DEL MAGIA I,1.0,
HW1,HW181,HISTORIA DEL MAGIA I,1.0,
HW1,HW181,HISTORIA DEL MAGIA I,1.0,
HW1,HW181,HISTORIA DEL MAGIA I,1.0,
HP1,HP182,HISTORIA DEL MAGIA II,2.0,
HP1,HP182,HISTORIA DEL MAGIA II,2.0,
HP1,HP182,HISTORIA DEL MAGIA II,2.0,
HW1,HW182,HISTORIA DEL MAGIA II,2.0,
HP1,HP183,INTRODUCCION A LAMAGIA,1.0,
HP1,HP183,INTRODUCCION A LAMAGIA,1.0,
HP1,HP183,INTRODUCCION A LAMAGIA,1.0,
HP1,HP183,INTRODUCCION A LAMAGIA,1.0,
HP1,HP183,INTRODUCCION A LAMAGIA,1.0,
HP1,HP183,INTRODUCCION A LAMAGIA,1.0,
HW1,HW183,INTRODUCCION A LAMAGIA,1.0,
HW1,HW183,INTRODUCCION A LAMAGIA,1.0,
HW1,HW183,INTRODUCCION A LAMAGIA,1.0,
HW1,HW183,INTRODUCCION A LAMAGIA,1.0,
GH1,GH184,ESTUDIO DE LA SOCIEDAD MUGGLE,1.0,
HP1,HP184,ESTUDIO DE LA SOCIEDAD MUGGLE,1.0,
HW1,HW184,ESTUDIO DE LA SOCIEDAD MUGGLE,1.0,
HW1,HW184,ESTUDIO DE LA SOCIEDAD MUGGLE,1.0,
GH1,GH185,POCION CURADORA DE FORÚNCULOS,4.0,
HP1,HP185,POCION CURADORA DE FORÚNCULOS,4.0,
HP1,HP185,POCION CURADORA DE FORÚNCULOS,4.0,
HP1,HP185,POCION CURADORA DE FORÚNCULOS,4.0,
HP1,HP185,POCION CURADORA DE FORÚNCULOS,5.0,
HW1,HW185,POCION CURADORA DE FORÚNCULOS,4.0,
GH1,GH186,TECNICAS DE ESTUDIO  de la magia,1.0,
HP1,HP186,TECNICAS DE ESTUDIO Y DE INVESTIGACION,1.0,
HP1,HP186,TECNICAS DE ESTUDIO Y DE INVESTIGACION,1.0,
HW1,HW186,TECNICAS DE ESTUDIO Y DE INVESTIGACION,1.0,
HW1,HW186,TECNICAS DE ESTUDIO Y DE INVESTIGACION,1.0,
HP1,HP11095,LABORATORIO DE MAGIA BLANCA,5.0,
HP1,HP11095,LABORATORIO DE MAGIA BLANCA,,
HW1,HW11095,LABORATORIO DE MAGIA BLANCA,5.0,
HW1,HW11095,LABORATORIO DE MAGIA BLANCA,,
GH1,GH11626,TEORIA MAGICA IV (TRIBUTARIO),5.0,
HP1,HP11626,TEORIA MAGICA IV (TRIBUTARIO),4.0,
HP1,HP11626,TEORIA MAGICA IV (TRIBUTARIO),5.0,
HP1,HP11626,TEORIA MAGICA IV (TRIBUTARIO),5.0,
HP1,HP11626,TEORIA MAGICA IV (TRIBUTARIO),5.0,
HP1,HP11626,TEORIA MAGICA IV (TRIBUTARIO),5.0,
HW1,HW11626,TEORIA MAGICA IV (TRIBUTARIO),5.0,
HW1,HW11626,TEORIA MAGICA IV (TRIBUTARIO),5.0,
HW1,HW11626,TEORIA MAGICA IV (TRIBUTARIO),5.0,
GH1,GH11635,ÉXTASIS (Exámenes Terribles de Alta Sabiduría e Invocaciones Secretas),,
GH2,GH21635,ÉXTASIS (Exámenes Terribles de Alta Sabiduría e Invocaciones Secretas),10.0,
GH2,GH21635,ÉXTASIS (Exámenes Terribles de Alta Sabiduría e Invocaciones Secretas),10.0,
GH3,GH31635,ÉXTASIS (Exámenes Terribles de Alta Sabiduría e Invocaciones Secretas),10.0,
GH3,GH31635,ÉXTASIS (Exámenes Terribles de Alta Sabiduría e Invocaciones Secretas),10.0,
HP1,HP11635,ÉXTASIS (Exámenes Terribles de Alta Sabiduría e Invocaciones Secretas),,
HP2,HP21635,ÉXTASIS (Exámenes Terribles de Alta Sabiduría e Invocaciones Secretas),10.0,
HP2,HP21635,ÉXTASIS (Exámenes Terribles de Alta Sabiduría e Invocaciones Secretas),10.0,
PH1,PH11635,ÉXTASIS (Exámenes Terribles de Alta Sabiduría e Invocaciones Secretas),10.0,
PH1,PH11635,ÉXTASIS (Exámenes Terribles de Alta Sabiduría e Invocaciones Secretas),10.0,
PH2,PH21635,ÉXTASIS (Exámenes Terribles de Alta Sabiduría e Invocaciones Secretas),10.0,
PH2,PH21635,ÉXTASIS (Exámenes Terribles de Alta Sabiduría e Invocaciones Secretas),10.0,
HW1,HW11635,ÉXTASIS (Exámenes Terribles de Alta Sabiduría e Invocaciones Secretas),,
HW1,HW11635,ÉXTASIS (Exámenes Terribles de Alta Sabiduría e Invocaciones Secretas),,
HW2,HW21635,ÉXTASIS (Exámenes Terribles de Alta Sabiduría e Invocaciones Secretas),10.0,
HW2,HW21635,ÉXTASIS (Exámenes Terribles de Alta Sabiduría e Invocaciones Secretas),10.0,
GH1,GH11636,MAGIA LABORAL Y DE LA SEGURIDAD MUGGLE,4.0,
HP1,HP11636,MAGIA LABORAL Y DE LA SEGURIDAD MUGGLE,4.0,
HP1,HP11636,MAGIA LABORAL Y DE LA SEGURIDAD MUGGLE,4.0,
HP1,HP11636,MAGIA LABORAL Y DE LA SEGURIDAD MUGGLE,4.0,
HP1,HP11636,MAGIA LABORAL Y DE LA SEGURIDAD MUGGLE,4.0,
HP1,HP11636,MAGIA LABORAL Y DE LA SEGURIDAD MUGGLE,4.0,
HW1,HW11636,MAGIA LABORAL Y DE LA SEGURIDAD MUGGLE,4.0,
HP1,HP11702,ARTES OSCURAS,4.0,
HP1,HP11702,ARTES OSCURAS,4.0,
HP1,HP11702,ARTES OSCURAS,4.0,
HP1,HP11702,ARTES OSCURAS,4.0,
HW1,HW11702,ARTES OSCURAS,4.0,
HP1,HP11703,ARTE,1.0,
HP1,HP11703,ARTE,5.0,
HP1,HP11703,ARTE,,
HW1,HW11703,ARTE,5.0,
HW1,HW11703,ARTE,,
GH1,GH11704,CUIDADO DE CRIATURAS MÁGICAS,5.0,
HP1,HP11704,CUIDADO DE CRIATURAS MÁGICAS,1.0,
HP1,HP11704,CUIDADO DE CRIATURAS MÁGICAS,5.0,
HP1,HP11704,CUIDADO DE CRIATURAS MÁGICAS,,
HW1,HW11704,CUIDADO DE CRIATURAS MÁGICAS,5.0,
HW1,HW11704,CUIDADO DE CRIATURAS MÁGICAS,,
HP1,HP11706,MAGIA DE LA TIERRA,5.0,
HP1,HP11706,MAGIA DE LA TIERRA,5.0,
HP1,HP11706,MAGIA DE LA TIERRA,5.0,
HP1,HP11707,TEORIA MAGICA I (TEORIA MAGICA),1.0,
HP1,HP11707,TEORIA MAGICA I (TEORIA MAGICA),1.0,
HP1,HP11707,TEORIA MAGICA I (TEORIA MAGICA),1.0,
HP1,HP11707,TEORIA MAGICA I (TEORIA MAGICA),1.0,
HW1,HW11707,TEORIA MAGICA I (TEORIA MAGICA),1.0,
GH1,GH11708,TEORIA MAGICA I (INTRODUCCION AL ESTUDIO DEL TEORIA MAGICA),1.0,
HP1,HP11708,TEORIA MAGICA I (INTRODUCCION AL ESTUDIO DEL TEORIA MAGICA),1.0,
HP1,HP11708,TEORIA MAGICA I (INTRODUCCION AL ESTUDIO DEL TEORIA MAGICA),1.0,
HP1,HP11708,TEORIA MAGICA I (INTRODUCCION AL ESTUDIO DEL TEORIA MAGICA),1.0,
HP1,HP11708,TEORIA MAGICA I (INTRODUCCION AL ESTUDIO DEL TEORIA MAGICA),1.0,
HW1,HW11708,TEORIA MAGICA I (INTRODUCCION AL ESTUDIO DEL TEORIA MAGICA),1.0,
HW1,HW11708,TEORIA MAGICA I (INTRODUCCION AL ESTUDIO DEL TEORIA MAGICA),1.0,
HW1,HW11708,TEORIA MAGICA I (INTRODUCCION AL ESTUDIO DEL TEORIA MAGICA),1.0,
HW1,HW11708,TEORIA MAGICA I (INTRODUCCION AL ESTUDIO DEL TEORIA MAGICA),1.0,
HP1,HP11709,MAGIA ECONÓMICA II,2.0,
HP1,HP11709,MAGIA ECONÓMICA II,2.0,
HP1,HP11709,MAGIA ECONÓMICA II,2.0,
HP1,HP11709,MAGIA ECONÓMICA II,2.0,
GH1,GH11710,TEORIA MAGICA II (MAGIA Y HECHICERIA),2.0,
HP1,HP11710,TEORIA MAGICA II (MAGIA Y HECHICERIA),2.0,
HP1,HP11710,TEORIA MAGICA II (MAGIA Y HECHICERIA),2.0,
HP1,HP11710,TEORIA MAGICA II (MAGIA Y HECHICERIA),2.0,
HP1,HP11710,TEORIA MAGICA II (MAGIA Y HECHICERIA),2.0,
HW1,HW11710,TEORIA MAGICA II (MAGIA Y HECHICERIA),2.0,
HP1,HP11711,MAGIA ECONÓMICA III (BANCARIA),4.0,
HP1,HP11711,MAGIA ECONÓMICA III (BANCARIA),4.0,
HP1,HP11711,MAGIA ECONÓMICA III (BANCARIA),5.0,
HP1,HP11711,MAGIA ECONÓMICA III (BANCARIA),5.0,
HW1,HW11711,MAGIA ECONÓMICA III (BANCARIA),4.0,
GH1,GH11712,MAGIA ECONÓMICA IV,5.0,
HP1,HP11712,MAGIA ECONÓMICA IV,4.0,
HP1,HP11712,MAGIA ECONÓMICA IV,4.0,
HP1,HP11712,MAGIA ECONÓMICA IV,5.0,
HP1,HP11712,MAGIA ECONÓMICA IV,5.0,
HP1,HP11712,MAGIA ECONÓMICA IV,5.0,
HW1,HW11712,MAGIA ECONÓMICA IV,5.0,
HW1,HW11712,MAGIA ECONÓMICA IV,5.0,
HW1,HW11712,MAGIA ECONÓMICA IV,5.0,
GH1,GH11713,FILOSOFÍA DEL MAGIA,5.0,
HP1,HP11713,FILOSOFÍA DEL MAGIA,5.0,
HP1,HP11713,FILOSOFÍA DEL MAGIA,5.0,
HP1,HP11713,FILOSOFÍA DEL MAGIA,5.0,
HP1,HP11713,FILOSOFÍA DEL MAGIA,5.0,
HP1,HP11713,FILOSOFÍA DEL MAGIA,5.0,
HP1,HP11713,FILOSOFÍA DEL MAGIA,5.0,
HP1,HP11713,FILOSOFÍA DEL MAGIA,5.0,
HW1,HW11713,FILOSOFÍA DEL MAGIA,5.0,
HW1,HW11713,FILOSOFÍA DEL MAGIA,5.0,
HW1,HW11713,FILOSOFÍA DEL MAGIA,5.0,
GH1,GH11714,HISTORIA DEL MAGIA,1.0,
HP1,HP11714,HISTORIA DEL MAGIA,1.0,
HP1,HP11714,HISTORIA DEL MAGIA,1.0,
HP1,HP11714,HISTORIA DEL MAGIA,1.0,
HP1,HP11714,HISTORIA DEL MAGIA,1.0,
HP1,HP11714,HISTORIA DEL MAGIA,1.0,
HW1,HW11714,HISTORIA DEL MAGIA,1.0,
HW1,HW11714,HISTORIA DEL MAGIA,1.0,
HW1,HW11714,HISTORIA DEL MAGIA,1.0,
HW1,HW11714,HISTORIA DEL MAGIA,1.0,
HP1,HP11715,HISTORIA DEL MAGIA,2.0,
HP1,HP11715,HISTORIA DEL MAGIA,2.0,
HP1,HP11715,HISTORIA DEL MAGIA,2.0,
HW1,HW11715,HISTORIA DEL MAGIA,2.0,
GH1,GH11716,INTRODUCCIÓN AL ESTUDIO DE LA MAGIA,1.0,
HP1,HP11716,INTRODUCCIÓN AL ESTUDIO DE LA MAGIA,1.0,
HP1,HP11716,INTRODUCCIÓN AL ESTUDIO DE LA MAGIA,1.0,
HP1,HP11716,INTRODUCCIÓN AL ESTUDIO DE LA MAGIA,1.0,
HP1,HP11716,INTRODUCCIÓN AL ESTUDIO DE LA MAGIA,1.0,
HW1,HW11716,INTRODUCCIÓN AL ESTUDIO DE LA MAGIA,1.0,
HW1,HW11716,INTRODUCCIÓN AL ESTUDIO DE LA MAGIA,1.0,
HW1,HW11716,INTRODUCCIÓN AL ESTUDIO DE LA MAGIA,1.0,
HP1,HP11717,LABORATORIO DE MAGIA NEGRA,4.0,
HP1,HP11717,LABORATORIO DE MAGIA NEGRA,4.0,
HP1,HP11717,LABORATORIO DE MAGIA NEGRA,5.0,
HP1,HP11718,HUEVO DE DOXI,4.0,
HP1,HP11719,Alizor de Westacottus,4.0,
HP1,HP11719,Alizor de Westacottus,4.0,
HP1,HP11719,Alizor de Westacottus,4.0,
HP1,HP11719,Alizor de Westacottus,4.0,
GH1,GH11995,POCION DEL OLVIDO,,
HP1,HP11995,POCION DEL OLVIDO,,
HW1,HW11995,POCION DEL OLVIDO,,
HW1,HW11995,POCION DEL OLVIDO,,
GH1,GH12202,MAGIA PROFUNDIZADA: CIENCIAS MAGICAS,4.0,
HP1,HP12202,MAGIA PROFUNDIZADA: CIENCIAS MAGICAS,4.0,
HW1,HW12202,MAGIA PROFUNDIZADA: CIENCIAS MAGICAS,4.0,
GH1,GH12240,PÁRSEL CG. BASICO I,,
HP1,HP12240,PÁRSEL CG. BASICO I,,
HW1,HW12240,PÁRSEL CG. BASICO I,,
GH1,GH12258,OPTATIVO (CONVALIDACION),1.0,
HP1,HP12258,OPTATIVO (CONVALIDACION),1.0,
HP1,HP12258,OPTATIVO (CONVALIDACION),1.0,
HW1,HW12258,OPTATIVO (CONVALIDACION),1.0,
HW1,HW12258,OPTATIVO (CONVALIDACION),1.0,
WH1,WH13100,POCION HERBICIDA I,1.0,
WH1,WH13101,EPISTEMOLOGIA PARA LA HECHICERÍA,1.0,
WH1,WH13102,PROCESOS INNOMBRABLES,1.0,
WH1,WH13106,PSICOLOGIA MUGGLE,2.0,
WH1,WH13107,POCION HERBICIDA II,2.0,
WH1,WH13108,MAGO Y SOCIEDAD MODERNA,2.0,
WH1,WH13112,POCION HERBICIDA III,3.0,
WH1,WH13113,CASTELLANO,3.0,
WH1,WH13114,HECHICERÍA Y GESTION,3.0,
WH1,WH13115,TECNICAS DE MANEJO DE DEMENTORES,3.0,
WH1,WH13119,LICENCIATURA,4.0,
WH1,WH13120,POCION HERBICIDA IV,4.0,
WH1,WH13121,EXCLUSION Y VULNERABILIDAD DE MUGGLES,4.0,
WH1,WH13122,GESTION AMBIENTAL DEL BOSQUE,4.0,
WH1,WH13143,TIMOS Título Indispensable de Magia Ordinaria,,
WH1,WH13143,TIMOS Título Indispensable de Magia Ordinaria,,
WH1,WH13143,TIMOS Título Indispensable de Magia Ordinaria,,
WH2,WH23143,TIMOS Título Indispensable de Magia Ordinaria,10.0,
WH3,WH33143,TIMOS Título Indispensable de Magia Ordinaria,10.0,
WH1,WH13156,CONSTRUCCION MODERNA DEL MUGGLE,5.0,
WH1,WH13160,HECHICERIA I FUNDAMENTOS TEORICOS,1.0,
WH1,WH13161,TALLER DE HECHICERIA I : SITUACIONES Y REALIDADES SOCIALES,1.0,B
WH1,WH13162,DESARROLLO MUGGLE,1.0,
WH1,WH13163,HECHICERIA II: MAGO Y MUGGLE,2.0,
WH1,WH13164,TALLER DE HECHICERIA II: MAGO Y MUGGLE,2.0,B
WH1,WH13165,PLANIFICACION Y GESTION MUGGLE,2.0,
WH1,WH13166,HECHICERIA III: GRUPOS MUGGLE Y MAGOS,3.0,
WH1,WH13167,TALLER DE HECHICERIA III:GRUPOS MUGGLES Y MAGOS,3.0,B
WH1,WH13168,EVALUACION  MAGICA,3.0,
WH1,WH13169,HECHICERIA IV: DESARROLLO DE BISQUE MAGICO Y TIERRAS,4.0,
WH1,WH13170,TALLER DE HECHICERIA IV: GESTION PARA EL DESARROLLO DEL BISQUE MAGICO,4.0,B
WH1,WH13171,DISEÑO Y ANALISIS DE POLITICAS PARA LA HECHICERÍA,4.0,
WH1,WH13172,PLANIFICACION Y GESTION DEL BOSQUE M´GICO,5.0,
WH1,WH13172,PLANIFICACION Y GESTION DEL BOSQUE M´GICO,5.0,
WH1,WH13173,PLANIFICACION EN PROCESOS DE LAS ESCUELAS,5.0,
WH1,WH13173,PLANIFICACION EN PROCESOS DE LAS ESCUELAS,5.0,
WH1,WH13174,Residencia de Ancianos Saint Oswald para Magos y Brujas,5.0,
WH1,WH13174,Residencia de Ancianos Saint Oswald para Magos y Brujas,5.0,
WH1,WH13175,POCION POMPION,5.0,
WH1,WH13177,TALLER DE TITULACION: PRACTICA T.I.M.O.,5.0,B
WH1,WH13177,TALLER DE TITULACION: PRACTICA T.I.M.O.,5.0,B
WH1,WH13179,PROFUNDIZACION TEORICA EN HECHICERIA,5.0,
WH1,WH13179,PROFUNDIZACION TEORICA EN HECHICERIA,5.0,
GH1,GH13450,TEORIA MAGICA I,1.0,
GH2,GH23450,TEORIA MAGICA I,1.0,
GH2,GH23450,TEORIA MAGICA I,1.0,
GH3,GH33450,TEORIA MAGICA I,1.0,
GH3,GH33450,TEORIA MAGICA I,1.0,
HP1,HP13450,TEORIA MAGICA I,1.0,
HP2,HP23450,TEORIA MAGICA I,1.0,
HP2,HP23450,TEORIA MAGICA I,1.0,
PH1,PH13450,TEORIA MAGICA I,1.0,
PH1,PH13450,TEORIA MAGICA I,1.0,
PH2,PH23450,TEORIA MAGICA I,1.0,
PH2,PH23450,TEORIA MAGICA I,1.0,
HW1,HW13450,TEORIA MAGICA I,1.0,
HW1,HW13450,TEORIA MAGICA I,1.0,
HW2,HW23450,TEORIA MAGICA I,1.0,
HW2,HW23450,TEORIA MAGICA I,1.0,
GH1,GH13451,RUNAS ANTIGUAS,1.0,
GH2,GH23451,RUNAS ANTIGUAS,1.0,
GH2,GH23451,RUNAS ANTIGUAS,1.0,
GH3,GH33451,RUNAS ANTIGUAS,1.0,
GH3,GH33451,RUNAS ANTIGUAS,1.0,
HP1,HP13451,RUNAS ANTIGUAS,1.0,
HP2,HP23451,RUNAS ANTIGUAS,1.0,
HP2,HP23451,RUNAS ANTIGUAS,1.0,
PH1,PH13451,RUNAS ANTIGUAS,1.0,
PH1,PH13451,RUNAS ANTIGUAS,1.0,
PH2,PH23451,RUNAS ANTIGUAS,1.0,
PH2,PH23451,RUNAS ANTIGUAS,1.0,
HW1,HW13451,RUNAS ANTIGUAS,1.0,
HW1,HW13451,RUNAS ANTIGUAS,1.0,
HW2,HW23451,RUNAS ANTIGUAS,1.0,
HW2,HW23451,RUNAS ANTIGUAS,1.0,
GH1,GH13453,HISTORIA DEL MAGIA,1.0,
GH2,GH23453,HISTORIA DEL MAGIA,1.0,
GH2,GH23453,HISTORIA DEL MAGIA,1.0,
GH3,GH33453,HISTORIA DEL MAGIA,1.0,
GH3,GH33453,HISTORIA DEL MAGIA,1.0,
HP1,HP13453,HISTORIA DEL MAGIA,1.0,
HP2,HP23453,HISTORIA DEL MAGIA,1.0,
HP2,HP23453,HISTORIA DEL MAGIA,1.0,
PH1,PH13453,HISTORIA DEL MAGIA,1.0,
PH1,PH13453,HISTORIA DEL MAGIA,1.0,
PH2,PH23453,HISTORIA DEL MAGIA,1.0,
PH2,PH23453,HISTORIA DEL MAGIA,1.0,
HW1,HW13453,HISTORIA DEL MAGIA,1.0,
HW1,HW13453,HISTORIA DEL MAGIA,1.0,
HW2,HW23453,HISTORIA DEL MAGIA,1.0,
HW2,HW23453,HISTORIA DEL MAGIA,1.0,
GH1,GH13455,TEORIA DE LA MAGIA,1.0,
GH2,GH23455,TEORIA DE LA MAGIA,1.0,
GH2,GH23455,TEORIA DE LA MAGIA,1.0,
GH3,GH33455,TEORIA DE LA MAGIA,1.0,
GH3,GH33455,TEORIA DE LA MAGIA,1.0,
HP1,HP13455,TEORIA DE LA MAGIA,1.0,
HP2,HP23455,TEORIA DE LA MAGIA,1.0,
HP2,HP23455,TEORIA DE LA MAGIA,1.0,
PH1,PH13455,TEORIA DE LA MAGIA,1.0,
PH1,PH13455,TEORIA DE LA MAGIA,1.0,
PH2,PH23455,TEORIA DE LA MAGIA,1.0,
PH2,PH23455,TEORIA DE LA MAGIA,1.0,
HW1,HW13455,TEORIA DE LA MAGIA,1.0,
HW2,HW23455,TEORIA DE LA MAGIA,1.0,
HW2,HW23455,TEORIA DE LA MAGIA,1.0,
GH1,GH13456,MAGIA POLITICA,1.0,
GH2,GH23456,MAGIA POLITICA,2.0,
GH2,GH23456,MAGIA POLITICA,2.0,
GH3,GH33456,MAGIA POLITICA,2.0,
GH3,GH33456,MAGIA POLITICA,2.0,
HP1,HP13456,MAGIA POLITICA,1.0,
HP2,HP23456,MAGIA POLITICA,2.0,
HP2,HP23456,MAGIA POLITICA,2.0,
PH1,PH13456,MAGIA POLITICA,2.0,
PH1,PH13456,MAGIA POLITICA,2.0,
PH2,PH23456,MAGIA POLITICA,2.0,
PH2,PH23456,MAGIA POLITICA,2.0,
HW1,HW13456,MAGIA POLITICA,1.0,
HW1,HW13456,MAGIA POLITICA,1.0,
HW2,HW23456,MAGIA POLITICA,2.0,
HW2,HW23456,MAGIA POLITICA,2.0,
GH1,GH13457,ENCANTAMIENTOS  I,2.0,
GH2,GH23457,ENCANTAMIENTOS  I,2.0,
GH2,GH23457,ENCANTAMIENTOS  I,2.0,
GH3,GH33457,ENCANTAMIENTOS  I,2.0,
GH3,GH33457,ENCANTAMIENTOS  I,2.0,
HP1,HP13457,ENCANTAMIENTOS  I,2.0,
HP2,HP23457,ENCANTAMIENTOS  I,2.0,
HP2,HP23457,ENCANTAMIENTOS  I,2.0,
PH1,PH13457,ENCANTAMIENTOS  I,2.0,
PH1,PH13457,ENCANTAMIENTOS  I,2.0,
PH2,PH23457,ENCANTAMIENTOS  I,2.0,
PH2,PH23457,ENCANTAMIENTOS  I,2.0,
HW1,HW13457,ENCANTAMIENTOS  I,2.0,
HW2,HW23457,ENCANTAMIENTOS  I,2.0,
HW2,HW23457,ENCANTAMIENTOS  I,2.0,
GH1,GH13458,ESTUDIOS DE DEMONIOS NECROFAGOS  I,2.0,
GH2,GH23458,ESTUDIOS DE DEMONIOS NECROFAGOS  I,2.0,
GH2,GH23458,ESTUDIOS DE DEMONIOS NECROFAGOS  I,2.0,
GH3,GH33458,ESTUDIOS DE DEMONIOS NECROFAGOS  I,2.0,
GH3,GH33458,ESTUDIOS DE DEMONIOS NECROFAGOS  I,2.0,
HP1,HP13458,ESTUDIOS DE DEMONIOS NECROFAGOS  I,2.0,
HP2,HP23458,ESTUDIOS DE DEMONIOS NECROFAGOS  I,2.0,
HP2,HP23458,ESTUDIOS DE DEMONIOS NECROFAGOS  I,2.0,
PH1,PH13458,ESTUDIOS DE DEMONIOS NECROFAGOS  I,2.0,
PH1,PH13458,ESTUDIOS DE DEMONIOS NECROFAGOS  I,2.0,
PH2,PH23458,ESTUDIOS DE DEMONIOS NECROFAGOS  I,2.0,
PH2,PH23458,ESTUDIOS DE DEMONIOS NECROFAGOS  I,2.0,
HW1,HW13458,ESTUDIOS DE DEMONIOS NECROFAGOS  I,2.0,
HW2,HW23458,ESTUDIOS DE DEMONIOS NECROFAGOS  I,2.0,
HW2,HW23458,ESTUDIOS DE DEMONIOS NECROFAGOS  I,2.0,
GH1,GH13459,TEORIA MAGICA II,2.0,
GH2,GH23459,TEORIA MAGICA II,2.0,
GH2,GH23459,TEORIA MAGICA II,2.0,
GH3,GH33459,TEORIA MAGICA II,2.0,
GH3,GH33459,TEORIA MAGICA II,2.0,
HP1,HP13459,TEORIA MAGICA II,2.0,
HP1,HP13459,TEORIA MAGICA II,2.0,
HP2,HP23459,TEORIA MAGICA II,2.0,
HP2,HP23459,TEORIA MAGICA II,2.0,
PH1,PH13459,TEORIA MAGICA II,2.0,
PH1,PH13459,TEORIA MAGICA II,2.0,
PH2,PH23459,TEORIA MAGICA II,2.0,
PH2,PH23459,TEORIA MAGICA II,2.0,
HW1,HW13459,TEORIA MAGICA II,2.0,
HW2,HW23459,TEORIA MAGICA II,2.0,
HW2,HW23459,TEORIA MAGICA II,2.0,
GH1,GH13461,ESTUDIOS MUGGLE,2.0,
GH2,GH23461,ESTUDIOS MUGGLE,3.0,
GH2,GH23461,ESTUDIOS MUGGLE,3.0,
GH3,GH33461,ESTUDIOS MUGGLE,3.0,
GH3,GH33461,ESTUDIOS MUGGLE,3.0,
HP1,HP13461,ESTUDIOS MUGGLE,2.0,
HP2,HP23461,ESTUDIOS MUGGLE,3.0,
HP2,HP23461,ESTUDIOS MUGGLE,3.0,
PH1,PH13461,ESTUDIOS MUGGLE,3.0,
PH1,PH13461,ESTUDIOS MUGGLE,3.0,
PH2,PH23461,ESTUDIOS MUGGLE,3.0,
PH2,PH23461,ESTUDIOS MUGGLE,3.0,
HW1,HW13461,ESTUDIOS MUGGLE,2.0,
HW2,HW23461,ESTUDIOS MUGGLE,3.0,
HW2,HW23461,ESTUDIOS MUGGLE,3.0,
GH1,GH13462,ENCANTAMIENTOS  II,3.0,
GH2,GH23462,ENCANTAMIENTOS  II,3.0,
GH2,GH23462,ENCANTAMIENTOS  II,3.0,
GH3,GH33462,ENCANTAMIENTOS  II,3.0,
GH3,GH33462,ENCANTAMIENTOS  II,3.0,
HP1,HP13462,ENCANTAMIENTOS  II,3.0,
HP2,HP23462,ENCANTAMIENTOS  II,3.0,
HP2,HP23462,ENCANTAMIENTOS  II,3.0,
PH1,PH13462,ENCANTAMIENTOS  II,3.0,
PH1,PH13462,ENCANTAMIENTOS  II,3.0,
PH2,PH23462,ENCANTAMIENTOS  II,3.0,
PH2,PH23462,ENCANTAMIENTOS  II,3.0,
HW1,HW13462,ENCANTAMIENTOS  II,3.0,
HW2,HW23462,ENCANTAMIENTOS  II,3.0,
HW2,HW23462,ENCANTAMIENTOS  II,3.0,
GH1,GH13463,ESTUDIOS DE DEMONIOS NECROFAGOS  II,3.0,
GH2,GH23463,ESTUDIOS DE DEMONIOS NECROFAGOS  II,3.0,
GH2,GH23463,ESTUDIOS DE DEMONIOS NECROFAGOS  II,3.0,
GH3,GH33463,ESTUDIOS DE DEMONIOS NECROFAGOS  II,3.0,
GH3,GH33463,ESTUDIOS DE DEMONIOS NECROFAGOS  II,3.0,
HP1,HP13463,ESTUDIOS DE DEMONIOS NECROFAGOS  II,3.0,
HP2,HP23463,ESTUDIOS DE DEMONIOS NECROFAGOS  II,3.0,
HP2,HP23463,ESTUDIOS DE DEMONIOS NECROFAGOS  II,3.0,
PH1,PH13463,ESTUDIOS DE DEMONIOS NECROFAGOS  II,3.0,
PH1,PH13463,ESTUDIOS DE DEMONIOS NECROFAGOS  II,3.0,
PH2,PH23463,ESTUDIOS DE DEMONIOS NECROFAGOS  II,3.0,
PH2,PH23463,ESTUDIOS DE DEMONIOS NECROFAGOS  II,3.0,
HW1,HW13463,ESTUDIOS DE DEMONIOS NECROFAGOS  II,3.0,
HW2,HW23463,ESTUDIOS DE DEMONIOS NECROFAGOS  II,3.0,
HW2,HW23463,ESTUDIOS DE DEMONIOS NECROFAGOS  II,3.0,
GH1,GH13464,MAGIA INTERNACIONAL PRIVADA,2.0,
GH2,GH23464,MAGIA INTERNACIONAL PRIVADA,3.0,
GH2,GH23464,MAGIA INTERNACIONAL PRIVADA,3.0,
GH3,GH33464,MAGIA INTERNACIONAL PRIVADA,3.0,
GH3,GH33464,MAGIA INTERNACIONAL PRIVADA,3.0,
HP1,HP13464,MAGIA INTERNACIONAL PRIVADA,2.0,
HP2,HP23464,MAGIA INTERNACIONAL PRIVADA,3.0,
HP2,HP23464,MAGIA INTERNACIONAL PRIVADA,3.0,
PH1,PH13464,MAGIA INTERNACIONAL PRIVADA,3.0,
PH1,PH13464,MAGIA INTERNACIONAL PRIVADA,3.0,
PH2,PH23464,MAGIA INTERNACIONAL PRIVADA,3.0,
PH2,PH23464,MAGIA INTERNACIONAL PRIVADA,3.0,
HW1,HW13464,MAGIA INTERNACIONAL PRIVADA,2.0,
HW2,HW23464,MAGIA INTERNACIONAL PRIVADA,3.0,
HW2,HW23464,MAGIA INTERNACIONAL PRIVADA,3.0,
GH1,GH13465,TALLER DE ADMINISTRACION  DE BÓVEDAS,3.0,B
HP1,HP13465,TALLER DE ADMINISTRACION  DE BÓVEDAS,3.0,B
HW1,HW13465,TALLER DE ADMINISTRACION  DE BÓVEDAS,3.0,B
GH1,GH13466,TALLER DE FUNDAMENTOSDE LA MAGIA,5.0,B
GH2,GH23466,TALLER DE FUNDAMENTOSDE LA MAGIA,5.0,B
GH3,GH33466,TALLER DE FUNDAMENTOSDE LA MAGIA,5.0,B
HP1,HP13466,TALLER DE FUNDAMENTOSDE LA MAGIA,5.0,B
HP1,HP13466,TALLER DE FUNDAMENTOSDE LA MAGIA,5.0,B
HP1,HP13466,TALLER DE FUNDAMENTOSDE LA MAGIA,5.0,B
PH1,PH13466,TALLER DE FUNDAMENTOSDE LA MAGIA,5.0,B
PH2,PH23466,TALLER DE FUNDAMENTOSDE LA MAGIA,5.0,B
HW1,HW13466,TALLER DE FUNDAMENTOSDE LA MAGIA,5.0,B
HW1,HW13466,TALLER DE FUNDAMENTOSDE LA MAGIA,5.0,B
HW1,HW13466,TALLER DE FUNDAMENTOSDE LA MAGIA,5.0,B
GH1,GH13467,POCIONES I,2.0,
GH2,GH23467,POCIONES I,4.0,
GH2,GH23467,POCIONES I,4.0,
GH3,GH33467,POCIONES I,4.0,
GH3,GH33467,POCIONES I,4.0,
HP1,HP13467,POCIONES I,2.0,
HP2,HP23467,POCIONES I,4.0,
HP2,HP23467,POCIONES I,4.0,
PH1,PH13467,POCIONES I,4.0,
PH1,PH13467,POCIONES I,4.0,
PH2,PH23467,POCIONES I,4.0,
PH2,PH23467,POCIONES I,4.0,
HW1,HW13467,POCIONES I,2.0,
HW2,HW23467,POCIONES I,4.0,
HW2,HW23467,POCIONES I,4.0,
GH1,GH13468,ENCANTAMIENTOS  III,3.0,
GH2,GH23468,ENCANTAMIENTOS  III,4.0,
GH2,GH23468,ENCANTAMIENTOS  III,4.0,
GH3,GH33468,ENCANTAMIENTOS  III,4.0,
GH3,GH33468,ENCANTAMIENTOS  III,4.0,
HP1,HP13468,ENCANTAMIENTOS  III,3.0,
HP2,HP23468,ENCANTAMIENTOS  III,4.0,
HP2,HP23468,ENCANTAMIENTOS  III,4.0,
PH1,PH13468,ENCANTAMIENTOS  III,4.0,
PH1,PH13468,ENCANTAMIENTOS  III,4.0,
PH2,PH23468,ENCANTAMIENTOS  III,4.0,
PH2,PH23468,ENCANTAMIENTOS  III,4.0,
HW1,HW13468,ENCANTAMIENTOS  III,2.0,
HW2,HW23468,ENCANTAMIENTOS  III,4.0,
HW2,HW23468,ENCANTAMIENTOS  III,4.0,
GH1,GH13469,ESTUDIOS DE DEMONIOS NECROFAGOS  III,4.0,
GH2,GH23469,ESTUDIOS DE DEMONIOS NECROFAGOS  III,4.0,
GH2,GH23469,ESTUDIOS DE DEMONIOS NECROFAGOS  III,4.0,
GH3,GH33469,ESTUDIOS DE DEMONIOS NECROFAGOS  III,4.0,
GH3,GH33469,ESTUDIOS DE DEMONIOS NECROFAGOS  III,4.0,
HP1,HP13469,ESTUDIOS DE DEMONIOS NECROFAGOS  III,4.0,
HP2,HP23469,ESTUDIOS DE DEMONIOS NECROFAGOS  III,4.0,
HP2,HP23469,ESTUDIOS DE DEMONIOS NECROFAGOS  III,4.0,
PH1,PH13469,ESTUDIOS DE DEMONIOS NECROFAGOS  III,4.0,
PH1,PH13469,ESTUDIOS DE DEMONIOS NECROFAGOS  III,4.0,
PH2,PH23469,ESTUDIOS DE DEMONIOS NECROFAGOS  III,4.0,
PH2,PH23469,ESTUDIOS DE DEMONIOS NECROFAGOS  III,4.0,
HW1,HW13469,ESTUDIOS DE DEMONIOS NECROFAGOS  III,4.0,
HW2,HW23469,ESTUDIOS DE DEMONIOS NECROFAGOS  III,4.0,
HW2,HW23469,ESTUDIOS DE DEMONIOS NECROFAGOS  III,4.0,
GH1,GH13470,ADIVINACION  I,3.0,
GH2,GH23470,ADIVINACION  I,4.0,
GH2,GH23470,ADIVINACION  I,4.0,
GH3,GH33470,ADIVINACION  I,4.0,
GH3,GH33470,ADIVINACION  I,4.0,
HP1,HP13470,ADIVINACION  I,3.0,
HP2,HP23470,ADIVINACION  I,4.0,
HP2,HP23470,ADIVINACION  I,4.0,
PH1,PH13470,ADIVINACION  I,4.0,
PH1,PH13470,ADIVINACION  I,4.0,
PH2,PH23470,ADIVINACION  I,4.0,
PH2,PH23470,ADIVINACION  I,4.0,
HW1,HW13470,ADIVINACION  I,3.0,
HW2,HW23470,ADIVINACION  I,4.0,
HW2,HW23470,ADIVINACION  I,4.0,
GH1,GH13472,TALLER DE ETICA HECHICERA,5.0,B
HP1,HP13472,TALLER DE ETICA HECHICERA,5.0,B
HP1,HP13472,TALLER DE ETICA HECHICERA,5.0,B
HP1,HP13472,TALLER DE ETICA HECHICERA,,B
HW1,HW13472,TALLER DE ETICA HECHICERA,5.0,B
HW1,HW13472,TALLER DE ETICA HECHICERA,5.0,B
HW1,HW13472,TALLER DE ETICA HECHICERA,5.0,B
GH1,GH13473,POCIONES II,2.0,
GH2,GH23473,POCIONES II,5.0,
GH2,GH23473,POCIONES II,5.0,
GH3,GH33473,POCIONES II,5.0,
GH3,GH33473,POCIONES II,5.0,
HP1,HP13473,POCIONES II,2.0,
HP2,HP23473,POCIONES II,5.0,
HP2,HP23473,POCIONES II,5.0,
PH1,PH13473,POCIONES II,5.0,
PH1,PH13473,POCIONES II,5.0,
PH2,PH23473,POCIONES II,5.0,
PH2,PH23473,POCIONES II,5.0,
HW1,HW13473,POCIONES II,2.0,
HW2,HW23473,POCIONES II,5.0,
HW2,HW23473,POCIONES II,5.0,
GH1,GH13474,ENCANTAMIENTOS  IV,4.0,
GH2,GH23474,ENCANTAMIENTOS  IV,5.0,
GH2,GH23474,ENCANTAMIENTOS  IV,5.0,
GH3,GH33474,ENCANTAMIENTOS  IV,5.0,
GH3,GH33474,ENCANTAMIENTOS  IV,5.0,
HP1,HP13474,ENCANTAMIENTOS  IV,4.0,
HP2,HP23474,ENCANTAMIENTOS  IV,5.0,
HP2,HP23474,ENCANTAMIENTOS  IV,5.0,
PH1,PH13474,ENCANTAMIENTOS  IV,5.0,
PH1,PH13474,ENCANTAMIENTOS  IV,5.0,
PH2,PH23474,ENCANTAMIENTOS  IV,5.0,
PH2,PH23474,ENCANTAMIENTOS  IV,5.0,
HW1,HW13474,ENCANTAMIENTOS  IV,4.0,
HW2,HW23474,ENCANTAMIENTOS  IV,5.0,
HW2,HW23474,ENCANTAMIENTOS  IV,5.0,
GH1,GH13475,ESTUDIOS DE DEMONIOS NECROFAGOS  IV,4.0,
GH2,GH23475,ESTUDIOS DE DEMONIOS NECROFAGOS  IV,5.0,
GH2,GH23475,ESTUDIOS DE DEMONIOS NECROFAGOS  IV,5.0,
GH3,GH33475,ESTUDIOS DE DEMONIOS NECROFAGOS  IV,5.0,
GH3,GH33475,ESTUDIOS DE DEMONIOS NECROFAGOS  IV,5.0,
HP1,HP13475,ESTUDIOS DE DEMONIOS NECROFAGOS  IV,4.0,
HP2,HP23475,ESTUDIOS DE DEMONIOS NECROFAGOS  IV,5.0,
HP2,HP23475,ESTUDIOS DE DEMONIOS NECROFAGOS  IV,5.0,
PH1,PH13475,ESTUDIOS DE DEMONIOS NECROFAGOS  IV,5.0,
PH1,PH13475,ESTUDIOS DE DEMONIOS NECROFAGOS  IV,5.0,
PH2,PH23475,ESTUDIOS DE DEMONIOS NECROFAGOS  IV,5.0,
PH2,PH23475,ESTUDIOS DE DEMONIOS NECROFAGOS  IV,5.0,
HW1,HW13475,ESTUDIOS DE DEMONIOS NECROFAGOS  IV,4.0,
HW2,HW23475,ESTUDIOS DE DEMONIOS NECROFAGOS  IV,5.0,
HW2,HW23475,ESTUDIOS DE DEMONIOS NECROFAGOS  IV,5.0,
GH1,GH13476,ADIVINACION  II,3.0,
GH2,GH23476,ADIVINACION  II,5.0,
GH2,GH23476,ADIVINACION  II,5.0,
GH3,GH33476,ADIVINACION  II,5.0,
GH3,GH33476,ADIVINACION  II,5.0,
HP1,HP13476,ADIVINACION  II,3.0,
HP2,HP23476,ADIVINACION  II,5.0,
HP2,HP23476,ADIVINACION  II,5.0,
PH1,PH13476,ADIVINACION  II,5.0,
PH1,PH13476,ADIVINACION  II,5.0,
PH2,PH23476,ADIVINACION  II,5.0,
PH2,PH23476,ADIVINACION  II,5.0,
HW1,HW13476,ADIVINACION  II,3.0,
HW2,HW23476,ADIVINACION  II,5.0,
HW2,HW23476,ADIVINACION  II,5.0,
GH1,GH13479,MAGIA BLANCA,3.0,
GH2,GH23479,MAGIA BLANCA,6.0,
GH2,GH23479,MAGIA BLANCA,6.0,
GH3,GH33479,MAGIA BLANCA,6.0,
GH3,GH33479,MAGIA BLANCA,6.0,
HP1,HP13479,MAGIA BLANCA,3.0,
HP2,HP23479,MAGIA BLANCA,6.0,
HP2,HP23479,MAGIA BLANCA,6.0,
PH1,PH13479,MAGIA BLANCA,6.0,
PH1,PH13479,MAGIA BLANCA,6.0,
PH2,PH23479,MAGIA BLANCA,6.0,
PH2,PH23479,MAGIA BLANCA,6.0,
HW1,HW13479,MAGIA BLANCA,3.0,
HW2,HW23479,MAGIA BLANCA,6.0,
HW2,HW23479,MAGIA BLANCA,6.0,
GH1,GH13480,ENCANTAMIENTOS  V,5.0,
GH2,GH23480,ENCANTAMIENTOS  V,6.0,
GH2,GH23480,ENCANTAMIENTOS  V,6.0,
GH3,GH33480,ENCANTAMIENTOS  V,6.0,
GH3,GH33480,ENCANTAMIENTOS  V,6.0,
HP1,HP13480,ENCANTAMIENTOS  V,5.0,
HP1,HP13480,ENCANTAMIENTOS  V,5.0,
HP2,HP23480,ENCANTAMIENTOS  V,6.0,
HP2,HP23480,ENCANTAMIENTOS  V,6.0,
PH1,PH13480,ENCANTAMIENTOS  V,6.0,
PH1,PH13480,ENCANTAMIENTOS  V,6.0,
PH2,PH23480,ENCANTAMIENTOS  V,6.0,
PH2,PH23480,ENCANTAMIENTOS  V,6.0,
HW1,HW13480,ENCANTAMIENTOS  V,1.0,
HW1,HW13480,ENCANTAMIENTOS  V,5.0,
HW1,HW13480,ENCANTAMIENTOS  V,5.0,
HW2,HW23480,ENCANTAMIENTOS  V,6.0,
HW2,HW23480,ENCANTAMIENTOS  V,6.0,
GH1,GH13481,MAGIA DEL TRABAJO,3.0,
GH2,GH23481,MAGIA DEL TRABAJO,7.0,
GH2,GH23481,MAGIA DEL TRABAJO,7.0,
GH3,GH33481,MAGIA DEL TRABAJO,7.0,
GH3,GH33481,MAGIA DEL TRABAJO,7.0,
HP1,HP13481,MAGIA DEL TRABAJO,3.0,
HP2,HP23481,MAGIA DEL TRABAJO,7.0,
HP2,HP23481,MAGIA DEL TRABAJO,7.0,
PH1,PH13481,MAGIA DEL TRABAJO,7.0,
PH1,PH13481,MAGIA DEL TRABAJO,7.0,
PH2,PH23481,MAGIA DEL TRABAJO,7.0,
PH2,PH23481,MAGIA DEL TRABAJO,7.0,
HW1,HW13481,MAGIA DEL TRABAJO,3.0,
HW2,HW23481,MAGIA DEL TRABAJO,7.0,
HW2,HW23481,MAGIA DEL TRABAJO,7.0,
GH1,GH13482,ADIVINACION  III,4.0,
GH2,GH23482,ADIVINACION  III,6.0,
GH2,GH23482,ADIVINACION  III,6.0,
GH3,GH33482,ADIVINACION  III,6.0,
GH3,GH33482,ADIVINACION  III,6.0,
HP1,HP13482,ADIVINACION  III,4.0,
HP2,HP23482,ADIVINACION  III,6.0,
HP2,HP23482,ADIVINACION  III,6.0,
PH1,PH13482,ADIVINACION  III,6.0,
PH1,PH13482,ADIVINACION  III,6.0,
PH2,PH23482,ADIVINACION  III,6.0,
PH2,PH23482,ADIVINACION  III,6.0,
HW1,HW13482,ADIVINACION  III,4.0,
HW2,HW23482,ADIVINACION  III,6.0,
HW2,HW23482,ADIVINACION  III,6.0,
GH1,GH13485,TEORIA MAGICA III,4.0,
GH2,GH23485,TEORIA MAGICA III,7.0,
GH2,GH23485,TEORIA MAGICA III,7.0,
GH3,GH33485,TEORIA MAGICA III,7.0,
GH3,GH33485,TEORIA MAGICA III,7.0,
HP1,HP13485,TEORIA MAGICA III,4.0,
HP1,HP13485,TEORIA MAGICA III,5.0,
HP2,HP23485,TEORIA MAGICA III,7.0,
HP2,HP23485,TEORIA MAGICA III,7.0,
PH1,PH13485,TEORIA MAGICA III,7.0,
PH1,PH13485,TEORIA MAGICA III,7.0,
PH2,PH23485,TEORIA MAGICA III,7.0,
PH2,PH23485,TEORIA MAGICA III,7.0,
HW1,HW13485,TEORIA MAGICA III,4.0,
HW2,HW23485,TEORIA MAGICA III,7.0,
HW2,HW23485,TEORIA MAGICA III,7.0,
GH1,GH13486,ENCANTAMIENTOS  VI,5.0,
GH2,GH23486,ENCANTAMIENTOS  VI,7.0,
GH2,GH23486,ENCANTAMIENTOS  VI,7.0,
GH3,GH33486,ENCANTAMIENTOS  VI,7.0,
GH3,GH33486,ENCANTAMIENTOS  VI,7.0,
HP1,HP13486,ENCANTAMIENTOS  VI,5.0,
HP1,HP13486,ENCANTAMIENTOS  VI,5.0,
HP2,HP23486,ENCANTAMIENTOS  VI,7.0,
HP2,HP23486,ENCANTAMIENTOS  VI,7.0,
PH1,PH13486,ENCANTAMIENTOS  VI,7.0,
PH1,PH13486,ENCANTAMIENTOS  VI,7.0,
PH2,PH23486,ENCANTAMIENTOS  VI,7.0,
PH2,PH23486,ENCANTAMIENTOS  VI,7.0,
HW1,HW13486,ENCANTAMIENTOS  VI,1.0,
HW1,HW13486,ENCANTAMIENTOS  VI,5.0,
HW1,HW13486,ENCANTAMIENTOS  VI,5.0,
HW2,HW23486,ENCANTAMIENTOS  VI,7.0,
HW2,HW23486,ENCANTAMIENTOS  VI,7.0,
GH1,GH13487,ESTUDIOS DE DEMONIOS NECROFAGOS  V,5.0,
GH2,GH23487,ESTUDIOS DE DEMONIOS NECROFAGOS  V,6.0,
GH2,GH23487,ESTUDIOS DE DEMONIOS NECROFAGOS  V,6.0,
GH3,GH33487,ESTUDIOS DE DEMONIOS NECROFAGOS  V,6.0,
GH3,GH33487,ESTUDIOS DE DEMONIOS NECROFAGOS  V,6.0,
HP1,HP13487,ESTUDIOS DE DEMONIOS NECROFAGOS  V,5.0,
HP1,HP13487,ESTUDIOS DE DEMONIOS NECROFAGOS  V,5.0,
HP2,HP23487,ESTUDIOS DE DEMONIOS NECROFAGOS  V,6.0,
HP2,HP23487,ESTUDIOS DE DEMONIOS NECROFAGOS  V,6.0,
PH1,PH13487,ESTUDIOS DE DEMONIOS NECROFAGOS  V,6.0,
PH1,PH13487,ESTUDIOS DE DEMONIOS NECROFAGOS  V,6.0,
PH2,PH23487,ESTUDIOS DE DEMONIOS NECROFAGOS  V,6.0,
PH2,PH23487,ESTUDIOS DE DEMONIOS NECROFAGOS  V,6.0,
HW1,HW13487,ESTUDIOS DE DEMONIOS NECROFAGOS  V,5.0,
HW1,HW13487,ESTUDIOS DE DEMONIOS NECROFAGOS  V,5.0,
HW1,HW13487,ESTUDIOS DE DEMONIOS NECROFAGOS  V,5.0,
HW2,HW23487,ESTUDIOS DE DEMONIOS NECROFAGOS  V,6.0,
HW2,HW23487,ESTUDIOS DE DEMONIOS NECROFAGOS  V,6.0,
GH1,GH13488,MAGIA NEGRA,4.0,
GH2,GH23488,MAGIA NEGRA,7.0,
GH2,GH23488,MAGIA NEGRA,7.0,
GH3,GH33488,MAGIA NEGRA,7.0,
GH3,GH33488,MAGIA NEGRA,7.0,
HP1,HP13488,MAGIA NEGRA,4.0,
HP2,HP23488,MAGIA NEGRA,7.0,
HP2,HP23488,MAGIA NEGRA,7.0,
PH1,PH13488,MAGIA NEGRA,7.0,
PH1,PH13488,MAGIA NEGRA,7.0,
PH2,PH23488,MAGIA NEGRA,7.0,
PH2,PH23488,MAGIA NEGRA,7.0,
HW1,HW13488,MAGIA NEGRA,4.0,
HW2,HW23488,MAGIA NEGRA,7.0,
HW2,HW23488,MAGIA NEGRA,7.0,
GH1,GH13489,OROCRUX,5.0,
GH2,GH23489,OROCRUX,8.0,
GH2,GH23489,OROCRUX,8.0,
GH3,GH33489,OROCRUX,8.0,
GH3,GH33489,OROCRUX,8.0,
HP1,HP13489,OROCRUX,5.0,
HP1,HP13489,OROCRUX,5.0,
HP2,HP23489,OROCRUX,8.0,
HP2,HP23489,OROCRUX,8.0,
PH1,PH13489,OROCRUX,8.0,
PH1,PH13489,OROCRUX,8.0,
PH2,PH23489,OROCRUX,8.0,
PH2,PH23489,OROCRUX,8.0,
HW1,HW13489,OROCRUX,4.0,
HW1,HW13489,OROCRUX,5.0,
HW1,HW13489,OROCRUX,5.0,
HW2,HW23489,OROCRUX,8.0,
HW2,HW23489,OROCRUX,8.0,
GH1,GH13490,XILOMANCIA,4.0,
GH2,GH23490,XILOMANCIA,8.0,
GH2,GH23490,XILOMANCIA,8.0,
GH3,GH33490,XILOMANCIA,8.0,
GH3,GH33490,XILOMANCIA,8.0,
HP1,HP13490,XILOMANCIA,4.0,
HP2,HP23490,XILOMANCIA,8.0,
HP2,HP23490,XILOMANCIA,8.0,
PH1,PH13490,XILOMANCIA,8.0,
PH1,PH13490,XILOMANCIA,8.0,
PH2,PH23490,XILOMANCIA,8.0,
PH2,PH23490,XILOMANCIA,8.0,
HW1,HW13490,XILOMANCIA,4.0,
HW2,HW23490,XILOMANCIA,8.0,
HW2,HW23490,XILOMANCIA,8.0,
GH1,GH13491,MAGIA DE SOCIEDADES,4.0,
GH2,GH23491,MAGIA DE SOCIEDADES,8.0,
GH2,GH23491,MAGIA DE SOCIEDADES,8.0,
GH3,GH33491,MAGIA DE SOCIEDADES,8.0,
GH3,GH33491,MAGIA DE SOCIEDADES,8.0,
HP1,HP13491,MAGIA DE SOCIEDADES,4.0,
HP2,HP23491,MAGIA DE SOCIEDADES,8.0,
HP2,HP23491,MAGIA DE SOCIEDADES,8.0,
PH1,PH13491,MAGIA DE SOCIEDADES,8.0,
PH1,PH13491,MAGIA DE SOCIEDADES,8.0,
PH2,PH23491,MAGIA DE SOCIEDADES,8.0,
PH2,PH23491,MAGIA DE SOCIEDADES,8.0,
HW1,HW13491,MAGIA DE SOCIEDADES,4.0,
HW2,HW23491,MAGIA DE SOCIEDADES,8.0,
HW2,HW23491,MAGIA DE SOCIEDADES,8.0,
GH2,GH23492,REUNIÓN MAGICA I,9.0,
GH2,GH23492,REUNIÓN MAGICA  I,9.0,
GH3,GH33492,REUNIÓN MAGICA  I,9.0,
GH3,GH33492,REUNIÓN MAGICA  I,9.0,
HP2,HP23492,REUNIÓN MAGICA  I,9.0,
HP2,HP23492,REUNIÓN MAGICA  I,9.0,
PH1,PH13492,REUNIÓN MAGICA  I,9.0,
PH1,PH13492,REUNIÓN MAGICA  I,9.0,
PH2,PH23492,REUNIÓN MAGICA  I,9.0,
PH2,PH23492,REUNIÓN MAGICA  I,9.0,
HW2,HW23492,REUNIÓN MAGICA  I,9.0,
HW2,HW23492,REUNIÓN MAGICA  I,9.0,
GH1,GH13493,ARTES OSCURAS I,4.0,
GH2,GH23493,ARTES OSCURAS I,9.0,
GH2,GH23493,ARTES OSCURAS I,9.0,
GH3,GH33493,ARTES OSCURAS I,9.0,
GH3,GH33493,ARTES OSCURAS I,9.0,
HP1,HP13493,ARTES OSCURAS I,4.0,
HP2,HP23493,ARTES OSCURAS I,9.0,
HP2,HP23493,ARTES OSCURAS I,9.0,
PH1,PH13493,ARTES OSCURAS I,9.0,
PH1,PH13493,ARTES OSCURAS I,9.0,
PH2,PH23493,ARTES OSCURAS I,9.0,
PH2,PH23493,ARTES OSCURAS I,9.0,
HW1,HW13493,ARTES OSCURAS I,4.0,
HW2,HW23493,ARTES OSCURAS I,9.0,
HW2,HW23493,ARTES OSCURAS I,9.0,
GH2,GH23494,PREPARACIÓN T.I.M.O,9.0,
GH2,GH23494,PREPARACIÓN T.I.M.O,9.0,
GH3,GH33494,PREPARACIÓN T.I.M.O,9.0,
GH3,GH33494,PREPARACIÓN T.I.M.O,9.0,
HP2,HP23494,PREPARACIÓN T.I.M.O,9.0,
HP2,HP23494,PREPARACIÓN T.I.M.O,9.0,
PH1,PH13494,PREPARACIÓN T.I.M.O,9.0,
PH1,PH13494,PREPARACIÓN T.I.M.O,9.0,
PH2,PH23494,PREPARACIÓN T.I.M.O,9.0,
PH2,PH23494,PREPARACIÓN T.I.M.O,9.0,
HW2,HW23494,PREPARACIÓN T.I.M.O,9.0,
HW2,HW23494,PREPARACIÓN T.I.M.O,9.0,
GH2,GH23495,REUNIÓN MAGICA  II,10.0,
GH2,GH23495,REUNIÓN MAGICA  II,10.0,
GH3,GH33495,REUNIÓN MAGICA  II,10.0,
GH3,GH33495,REUNIÓN MAGICA  II,10.0,
HP2,HP23495,REUNIÓN MAGICA  II,10.0,
HP2,HP23495,REUNIÓN MAGICA  II,10.0,
PH1,PH13495,REUNIÓN MAGICA  II,10.0,
PH1,PH13495,REUNIÓN MAGICA  II,10.0,
PH2,PH23495,REUNIÓN MAGICA  II,10.0,
PH2,PH23495,REUNIÓN MAGICA  II,10.0,
HW2,HW23495,REUNIÓN MAGICA  II,10.0,
HW2,HW23495,REUNIÓN MAGICA  II,10.0,
HP1,HP13501,MAGIA PROFUNDIZADA: PROCEDIMIENTOS MUGGLE,,
GH1,GH13507,TALLER DE ASTRONOMIA,3.0,B
HP1,HP13507,TALLER DE ASTRONOMIA,3.0,B
HW1,HW13507,TALLER DE ASTRONOMIA,3.0,B
GH1,GH13509,ARTES OSCURAS II,4.0,
GH2,GH23509,ARTES OSCURAS II,10.0,
GH2,GH23509,ARTES OSCURAS II,10.0,
GH3,GH33509,ARTES OSCURAS II,10.0,
GH3,GH33509,ARTES OSCURAS II,10.0,
HP1,HP13509,ARTES OSCURAS II,4.0,
HP2,HP23509,ARTES OSCURAS II,10.0,
HP2,HP23509,ARTES OSCURAS II,10.0,
PH1,PH13509,ARTES OSCURAS II,10.0,
PH1,PH13509,ARTES OSCURAS II,10.0,
PH2,PH23509,ARTES OSCURAS II,10.0,
PH2,PH23509,ARTES OSCURAS II,10.0,
HW1,HW13509,ARTES OSCURAS II,4.0,
HW2,HW23509,ARTES OSCURAS II,10.0,
HW2,HW23509,ARTES OSCURAS II,10.0,
GH2,GH23510,ELECTIVO AREA: RECURSOS NECRÓFAGOS,,L
GH3,GH33510,ELECTIVO AREA: RECURSOS NECRÓFAGOS,,L
HP2,HP23510,ELECTIVO AREA: RECURSOS NECRÓFAGOS,7.0,L
PH1,PH13510,ELECTIVO AREA: RECURSOS NECRÓFAGOS,,L
PH2,PH23510,ELECTIVO AREA: RECURSOS NECRÓFAGOS,7.0,L
HW2,HW23510,ELECTIVO AREA: RECURSOS NECRÓFAGOS,,L
WH2,WH23637,PÁRSEL I,2.0,
WH3,WH33637,PÁRSEL I,2.0,
WH2,WH23639,PÁRSEL II,3.0,
WH3,WH33639,PÁRSEL II,3.0,
WH1,WH13848,TIMOS Título Indispensable de Magia Ordinaria,,
GH2,GH23869,ELECTIVO AREA:  DEMONIOS NECROFAGOS,,L
GH3,GH33869,ELECTIVO AREA:  DEMONIOS NECROFAGOS,,L
HP2,HP23869,ELECTIVO AREA:  DEMONIOS NECROFAGOS,7.0,L
PH1,PH13869,ELECTIVO AREA:  DEMONIOS NECROFAGOS,,L
PH2,PH23869,ELECTIVO AREA:  DEMONIOS NECROFAGOS,7.0,L
HW2,HW23869,ELECTIVO AREA:  DEMONIOS NECROFAGOS,,L
GH1,GH13870,ELECTIVO AREA: MAGIA SUCESORIAS,5.0,L
GH2,GH23870,ELECTIVO AREA: MAGIA SUCESORIAS,,L
GH3,GH33870,ELECTIVO AREA: MAGIA SUCESORIAS,,L
HP1,HP13870,ELECTIVO AREA: MAGIA SUCESORIAS,5.0,L
HP1,HP13870,ELECTIVO AREA: MAGIA SUCESORIAS,5.0,L
HP2,HP23870,ELECTIVO AREA: MAGIA SUCESORIAS,8.0,L
PH1,PH13870,ELECTIVO AREA: MAGIA SUCESORIAS,,L
PH2,PH23870,ELECTIVO AREA: MAGIA SUCESORIAS,,L
HW1,HW13870,ELECTIVO AREA: MAGIA SUCESORIAS,1.0,L
HW1,HW13870,ELECTIVO AREA: MAGIA SUCESORIAS,5.0,L
HW1,HW13870,ELECTIVO AREA: MAGIA SUCESORIAS,5.0,L
HW2,HW23870,ELECTIVO AREA: MAGIA SUCESORIAS,,L
GH1,GH13871,ELECTIVO AREA: MAGIA TERRESTRE,5.0,L
HP1,HP13871,ELECTIVO AREA: MAGIA TERRESTRE,5.0,L
HP1,HP13871,ELECTIVO AREA: MAGIA TERRESTRE,5.0,L
HW1,HW13871,ELECTIVO AREA: MAGIA TERRESTRE,5.0,L
HW1,HW13871,ELECTIVO AREA: MAGIA TERRESTRE,5.0,L
HW1,HW13871,ELECTIVO AREA: MAGIA TERRESTRE,5.0,L
GH1,GH13874,"ELECTIVO AREA: Guía de la transformación, nivel superior",5.0,L
HP1,HP13874,"ELECTIVO AREA: Guía de la transformación, nivel superior",5.0,L
HP1,HP13874,"ELECTIVO AREA: Guía de la transformación, nivel superior",5.0,L
HW1,HW13874,"ELECTIVO AREA: Guía de la transformación, nivel superior",5.0,L
HW1,HW13874,"ELECTIVO AREA: Guía de la transformación, nivel superior",5.0,L
HW1,HW13874,"ELECTIVO AREA: Guía de la transformación, nivel superior",5.0,L
GH1,GH13880,ELECTIVO AREA: MAGIA TERRENA,5.0,L
HP1,HP13880,ELECTIVO AREA: MAGIA TERRENA,5.0,L
HP1,HP13880,ELECTIVO AREA: MAGIA TERRENA,5.0,L
GH2,GH23890,PROMEDIO T.I.M.O,10.0,
GH3,GH33890,PROMEDIO T.I.M.O,10.0,
PH2,PH23890,PROMEDIO T.I.M.O,10.0,
GH1,GH13946,ELECTIVO AREA: MEDICINA LEGAL,4.0,L
HP1,HP13946,ELECTIVO AREA: MEDICINA LEGAL,4.0,L
HW1,HW13946,ELECTIVO AREA: MEDICINA LEGAL,4.0,L
GH2,GH23947,ELECTIVO AREA: RECURSOS DEMONIOS NECRÓFAGOS,,L
GH3,GH33947,ELECTIVO AREA: RECURSOS DEMONIOS NECRÓFAGOS,,L
HP2,HP23947,ELECTIVO AREA: RECURSOS DEMONIOS NECRÓFAGOS,7.0,L
PH1,PH13947,ELECTIVO AREA: RECURSOS DEMONIOS NECRÓFAGOS,,L
PH2,PH23947,ELECTIVO AREA: RECURSOS DEMONIOS NECRÓFAGOS,7.0,L
HW2,HW23947,ELECTIVO AREA: RECURSOS DEMONIOS NECRÓFAGOS,,L
HP1,HP13959,ELECTIVO AREA (HOMOLOGADO),5.0,L
HP1,HP13959,ELECTIVO AREA (HOMOLOGADO),5.0,L
HW1,HW13977,TALLER DE CASTELLANO,3.0,B
HP1,HP13979,AZKABANOLOGÍA,,
GH1,GH13985,ELECTIVO AREA:  MAGIA INTERNACIONAL PRIVADA,5.0,L
HP1,HP13985,ELECTIVO AREA:  MAGIA INTERNACIONAL PRIVADA,5.0,L
HP1,HP13985,ELECTIVO AREA:  MAGIA INTERNACIONAL PRIVADA,5.0,L
PH1,PH13985,ELECTIVO AREA:  MAGIA INTERNACIONAL PRIVADA,9.0,L
HW1,HW13985,ELECTIVO AREA:  MAGIA INTERNACIONAL PRIVADA,5.0,L
HW1,HW13985,ELECTIVO AREA:  MAGIA INTERNACIONAL PRIVADA,5.0,L
HW1,HW13985,ELECTIVO AREA:  MAGIA INTERNACIONAL PRIVADA,5.0,L
HP2,HP24090,TALLER DE LIBRO REGLAMENTARIO DE HECHIZOS,1.0,B
HP1,HP14091,TALLER DE COMPORTAMIENTO ETICO Y SOCIAL DEL MAGO,5.0,B
HP1,HP14091,TALLER DE COMPORTAMIENTO ETICO Y SOCIAL DEL MAGO,5.0,B
HW1,HW14091,TALLER DE COMPORTAMIENTO ETICO Y SOCIAL DEL MAGO,5.0,B
HP1,HP14148,TALLER DE POCIONES,,B
WH1,WH14411,PREPARACIÓN DEL MAGO I,5.0,
WH1,WH14412,PREPARACIÓN DEL MAGO II,5.0,
WH1,WH14413,examen de Transformaciones,5.0,
GH2,GH24440,INTRODUCCION AL LOS ENCANTAMIENTOS,1.0,
GH3,GH34440,INTRODUCCION AL LOS ENCANTAMIENTOS,1.0,
HP1,HP14440,INTRODUCCION AL LOS ENCANTAMIENTOS,1.0,
HP2,HP24440,INTRODUCCION AL LOS ENCANTAMIENTOS,1.0,
PH1,PH14440,INTRODUCCION AL LOS ENCANTAMIENTOS,1.0,
PH2,PH24440,INTRODUCCION AL LOS ENCANTAMIENTOS,1.0,
HW1,HW14440,INTRODUCCION AL LOS ENCANTAMIENTOS,1.0,
HW1,HW14440,INTRODUCCION AL LOS ENCANTAMIENTOS,1.0,
HW2,HW24440,INTRODUCCION AL LOS ENCANTAMIENTOS,1.0,
GH2,GH24441,ESTUDIOS DE DEMONIOS NECROFAGOS  VI,,
GH3,GH34441,ESTUDIOS DE DEMONIOS NECROFAGOS  VI,,
HP2,HP24441,ESTUDIOS DE DEMONIOS NECROFAGOS  VI,7.0,
PH1,PH14441,ESTUDIOS DE DEMONIOS NECROFAGOS  VI,,
PH2,PH24441,ESTUDIOS DE DEMONIOS NECROFAGOS  VI,7.0,
HW2,HW24441,ESTUDIOS DE DEMONIOS NECROFAGOS  VI,,
GH2,GH24442,ENCANTAMIENTOS  VII,,
GH3,GH34442,ENCANTAMIENTOS  VII,,
HP1,HP14442,ENCANTAMIENTOS  VII,5.0,
HP1,HP14442,ENCANTAMIENTOS  VII,5.0,
HP2,HP24442,ENCANTAMIENTOS  VII,8.0,
PH1,PH14442,ENCANTAMIENTOS  VII,,
PH2,PH24442,ENCANTAMIENTOS  VII,,
HW1,HW14442,ENCANTAMIENTOS  VII,1.0,
HW1,HW14442,ENCANTAMIENTOS  VII,5.0,
HW1,HW14442,ENCANTAMIENTOS  VII,5.0,
HW2,HW24442,ENCANTAMIENTOS  VII,8.0,
GH1,GH14444,FUNDAMENTOS FILOSOFICOS DE LA MAGIA,5.0,
GH2,GH24444,FUNDAMENTOS FILOSOFICOS DE LA MAGIA,,
GH3,GH34444,FUNDAMENTOS FILOSOFICOS DE LA MAGIA,,
HP1,HP14444,FUNDAMENTOS FILOSOFICOS DE LA MAGIA,5.0,
HP1,HP14444,FUNDAMENTOS FILOSOFICOS DE LA MAGIA,5.0,
HP2,HP24444,FUNDAMENTOS FILOSOFICOS DE LA MAGIA,10.0,
PH1,PH14444,FUNDAMENTOS FILOSOFICOS DE LA MAGIA,,
PH2,PH24444,FUNDAMENTOS FILOSOFICOS DE LA MAGIA,,
HW1,HW14444,FUNDAMENTOS FILOSOFICOS DE LA MAGIA,5.0,
HW1,HW14444,FUNDAMENTOS FILOSOFICOS DE LA MAGIA,5.0,
HW2,HW24444,FUNDAMENTOS FILOSOFICOS DE LA MAGIA,10.0,
HP1,HP14460,ELECTIVO AREA:  PROCEDIMIENTO MUGGLE,,L
GH1,GH14493,CURSO DE ACTUALIZACION EN MAGIA,,
HP1,HP14493,CURSO DE ACTUALIZACION EN MAGIA,,
HW1,HW14493,CURSO DE ACTUALIZACION EN MAGIA,,
WH1,WH14701,COMPRENSION Y PRODUCCION DE TEXTOS RÚNICOS ANCESTRALES,1.0,
WH1,WH14702,RACIOCINIO MATEMATICO,1.0,
WH1,WH14703,OPTATIVO FACULTAD I,4.0,
WH1,WH14704,OPTATIVO FACULTAD II,4.0,
HP1,HP14990,ETICA DE LOS MAGOS,4.0,
HP1,HP14990,ETICA DE LOS MAGOS,4.0,
HP1,HP14990,ETICA DE LOS MAGOS,5.0,
HP1,HP14990,ETICA DE LOS MAGOS,5.0,
HP1,HP14990,ETICA DE LOS MAGOS,5.0,
HP2,HP25150,"CTI: MAGIAS HUMANOS, INCLUSIÓN Y CIUDADANÍA",6.0,B
PH2,PH25150,"CTI: MAGIAS HUMANOS, INCLUSIÓN Y CIUDADANÍA",6.0,B
HW2,HW25150,"CTI: MAGIAS HUMANOS, INCLUSIÓN Y CIUDADANÍA",6.0,B
WH1,WH15150,"CTI: MAGIAS HUMANOS, INCLUSIÓN Y CIUDADANÍA",4.0,B
HP2,HP25151,CTI: COMUNICACIÓN EFECTIVA E INTERACCIÓN HUMANA,6.0,L
HW2,HW25151,CTI: COMUNICACIÓN EFECTIVA E INTERACCIÓN HUMANA,6.0,L
HW2,HW25151,CTI: COMUNICACIÓN EFECTIVA E INTERACCIÓN HUMANA,6.0,L
HW2,HW25151,CTI: COMUNICACIÓN EFECTIVA E INTERACCIÓN HUMANA,10.0,L
WH1,WH15151,CTI: COMUNICACIÓN EFECTIVA E INTERACCIÓN HUMANA,4.0,L
HP2,HP25152,CTI: USABILIDAD,6.0,B
HW2,HW25152,CTI: USABILIDAD,6.0,B
HW2,HW25152,CTI: USABILIDAD,10.0,B
WH1,WH15152,CTI: USABILIDAD,4.0,B
PH1,PH110059,CTI: COMPETENCIAS DE LIDERAZGO MAGICO,6.0,L
PH1,PH110059,CTI: COMPETENCIAS DE LIDERAZGO MAGICO,6.0,L
PH2,PH210059,CTI: COMPETENCIAS DE LIDERAZGO MAGICO,6.0,L
HW2,HW210059,CTI: COMPETENCIAS DE LIDERAZGO MAGICO,6.0,L
HW2,HW210059,CTI: COMPETENCIAS DE LIDERAZGO MAGICO,6.0,L
HW2,HW210061,CTI: COMPETENCIAS SIRENIO,6.0,L
HP2,HP210062,TALLER DE COMPETENCIAS ORALES MAGICAS,1.0,B
HW2,HW210062,TALLER DE COMPETENCIAS ORALES MAGICAS,6.0,B
HP2,HP210085,TUTORÍAS DE INTEGRACIÓN Y AJUSTE A LA VIDA EN HOGWARTS,1.0,
HP2,HP210085,TUTORÍAS DE INTEGRACIÓN Y AJUSTE A LA VIDA EN HOGWARTS,1.0,
PH1,PH110085,TUTORÍAS DE INTEGRACIÓN Y AJUSTE A LA VIDA EN HOGWARTS,1.0,
PH1,PH110085,TUTORÍAS DE INTEGRACIÓN Y AJUSTE A LA VIDA EN HOGWARTS,1.0,
PH2,PH210085,TUTORÍAS DE INTEGRACIÓN Y AJUSTE A LA VIDA EN HOGWARTS,1.0,
PH2,PH210085,TUTORÍAS DE INTEGRACIÓN Y AJUSTE A LA VIDA EN HOGWARTS,1.0,
HW2,HW210085,TUTORÍAS DE INTEGRACIÓN Y AJUSTE A LA VIDA EN HOGWARTS,1.0,
HW2,HW210085,TUTORÍAS DE INTEGRACIÓN Y AJUSTE A LA VIDA EN HOGWARTS,1.0,
HW2,HW210085,TUTORÍAS DE INTEGRACIÓN Y AJUSTE A LA VIDA EN HOGWARTS,1.0,
WH2,WH210085,TUTORÍAS DE INTEGRACIÓN Y AJUSTE A LA VIDA EN HOGWARTS,1.0,
WH3,WH310085,TUTORÍAS DE INTEGRACIÓN Y AJUSTE A LA VIDA EN HOGWARTS,1.0,
PH1,PH110086,TUTORÍAS DE ACOMPAÑAMIENTO MAGICO,1.0,
PH1,PH110086,TUTORÍAS DE ACOMPAÑAMIENTO MAGICO,,
PH2,PH210086,TUTORÍAS DE ACOMPAÑAMIENTO MAGICO,1.0,
PH2,PH210086,TUTORÍAS DE ACOMPAÑAMIENTO MAGICO,,
HW2,HW210086,TUTORÍAS DE ACOMPAÑAMIENTO MAGICO,1.0,
HW2,HW210086,TUTORÍAS DE ACOMPAÑAMIENTO MAGICO,,
WH2,WH233400,FILOSOFÍA RÚNICA,1.0,
WH3,WH333400,FILOSOFÍA RÚNICA,1.0,
WH2,WH233401,HISTORIA SOCIAL DE LAS ESCUELAS DE MAGIA,1.0,
WH3,WH333401,HISTORIA SOCIAL DE LAS ESCUELAS DE MAGIA,1.0,
WH2,WH233402,LÓGICA DE LA INVESTIGACIÓN ASTRONOMICA,1.0,
WH3,WH333402,LÓGICA DE LA INVESTIGACIÓN ASTRONOMICA,1.0,
WH2,WH233403,CASTELLANO PARA LAS HECHICERÍA,1.0,
WH3,WH333403,CASTELLANO PARA LAS HECHICERÍA,1.0,
WH2,WH233404,ANTROPOLOGÍA MUGGLE,2.0,
WH3,WH333404,ANTROPOLOGÍA MUGGLE,2.0,
WH2,WH233405,examen de Pociones,2.0,
WH3,WH333405,examen de Pociones,2.0,
WH2,WH233406,Examen de Historia de la Magia,2.0,
WH3,WH333406,Examen de Historia de la Magia,2.0,
WH2,WH233407,PÁRSEL I,2.0,
WH3,WH333407,PÁRSEL I,2.0,
WH2,WH233408,ETICA Y MAGIAS MUGGLE,3.0,
WH3,WH333408,ETICA Y MAGIAS MUGGLE,3.0,
WH2,WH233409,PÁRSEL II,3.0,
WH3,WH333409,PÁRSEL II,3.0,
WH2,WH233410,PÁRSEL III,4.0,
WH3,WH333410,PÁRSEL III,4.0,
WH2,WH233411,OPTATIVO DE FACULTAD I,7.0,
WH3,WH333411,OPTATIVO DE FACULTAD I,7.0,
WH2,WH233412,OPTATIVO DE FACULTAD II,8.0,
WH3,WH333412,OPTATIVO DE FACULTAD II,8.0,
WH2,WH236000,PERSPECTIVA HISTÓRICA  DE LA HECHICERIA,1.0,
WH3,WH336000,PERSPECTIVA HISTÓRICA  DE LA HECHICERIA,1.0,
WH2,WH236001,POBREZA Y EXCLUSIÓN SOCIAL,1.0,
WH3,WH336001,POBREZA Y EXCLUSIÓN SOCIAL,1.0,
WH2,WH236002,FUNDAMENTOS MAGICOS,2.0,
WH3,WH336002,FUNDAMENTOS MAGICOS,2.0,
WH2,WH236003,Examinador de Aparición I,2.0,
WH3,WH336003,Examinador de Aparición I,2.0,
WH2,WH236004,ANTIDOTO PARA VENENOS COMUNES,3.0,
WH3,WH336004,ANTIDOTO PARA VENENOS COMUNES I,3.0,
WH2,WH236005,Examinador de Aparición II,3.0,
WH3,WH336005,Examinador de Aparición II,3.0,
WH2,WH236006,INVESTIGACIÓN SOCIAL BANCARIA,3.0,
WH3,WH336006,INVESTIGACIÓN SOCIAL BANCARIA,3.0,
WH2,WH236007,ANÁLISIS DE POLÍTICAS PÚBLICAS Y HECHICERIA,3.0,
WH3,WH336007,ANÁLISIS DE POLÍTICAS PÚBLICAS Y HECHICERIA,3.0,
WH2,WH236008,ANTIDOTO PARA VENENOS COMUNES II,4.0,
WH3,WH336008,ANTIDOTO PARA VENENOS COMUNES II,4.0,
WH2,WH236009,Hospital San Mungo de Enfermedades y Heridas Mágicas,4.0,
WH3,WH336009,Hospital San Mungo de Enfermedades y Heridas Mágicas,4.0,
WH2,WH236010,Examinador de Aparición III,4.0,
WH3,WH336010,Examinador de Aparición III,4.0,
WH2,WH236011,ANÁLISIS DE INFORMACIÓN ASTROLOGICA,4.0,
WH3,WH336011,ANÁLISIS DE INFORMACIÓN ASTROLOGICA,4.0,
WH2,WH236012,GOBIERNO Y GESTIÓN DEL BANCO MAGICO,4.0,
WH3,WH336012,GOBIERNO Y GESTIÓN DEL BANCO MAGICO,4.0,
WH2,WH236013,ANTIDOTO PARA VENENOS COMUNES III,5.0,
WH3,WH336013,ANTIDOTO PARA VENENOS COMUNES III,5.0,
WH2,WH236014,FUNDAMENTOS SOCIALES PARA LA INTERVENCIÓN MUGGLE,5.0,
WH3,WH336014,FUNDAMENTOS SOCIALES PARA LA INTERVENCIÓN MUGGLE,5.0,
WH2,WH236015,Examinador de Aparición IV,5.0,
WH3,WH336015,Examinador de Aparición IV,5.0,
WH2,WH236016,INVESTIGACIÓN SOCIAL ENANA,5.0,
WH3,WH336016,INVESTIGACIÓN SOCIAL ENANA,5.0,
WH2,WH236017,PLANIFICACIÓN I,5.0,
WH3,WH336017,PLANIFICACIÓN I,5.0,
WH2,WH236018,FENÓMENOS MUGGLE EMERGENTES I,5.0,
WH3,WH336018,FENÓMENOS MUGGLE EMERGENTES I,5.0,
WH2,WH236019,ESTRATEGIAS INNOVADORAS PARA  ENCANTAR,6.0,
WH3,WH336019,ESTRATEGIAS INNOVADORAS PARA  ENCANTAR,6.0,
WH2,WH236020,EPISTEMOLOGIA DE LA HECHICERÍA,6.0,
WH3,WH336020,EPISTEMOLOGIA DE LA HECHICERÍA,6.0,
WH2,WH236021,Examinador de Aparición V,6.0,
WH3,WH336021,Examinador de Aparición V,6.0,
WH2,WH236022,ANÁLISIS DE INFORMACIÓN ASTRONOMICA,6.0,
WH3,WH336022,ANÁLISIS DE INFORMACIÓN ASTRONOMICA,6.0,
WH2,WH236023,PLANIFICACIÓN II,6.0,
WH3,WH336023,PLANIFICACIÓN II,6.0,
WH2,WH236024,FENÓMENOS MUGGLE EMERGENTES II,6.0,
WH3,WH336024,FENÓMENOS MUGGLE EMERGENTES II,6.0,
WH2,WH236025,MUGGLE Y PARTICIPACIÓN SOCIAL,7.0,
WH3,WH336025,MUGGLE Y PARTICIPACIÓN SOCIAL,7.0,
WH2,WH236026,TEORÍA Y TÉCNICA DE CONSTRUCCIO N DE VARITAS,7.0,
WH3,WH336026,TEORÍA Y TÉCNICA DE CONSTRUCCIO N DE VARITAS,7.0,
WH2,WH236027,Examinador de Aparición VI,7.0,
WH3,WH336027,Examinador de Aparición VI,7.0,
WH2,WH236028,ENCANTAMIENTO ATURDIDOR,7.0,
WH3,WH336028,ENCANTAMIENTO ATURDIDOR,7.0,
WH2,WH236029,Heridas Mágicas,7.0,
WH3,WH336029,Enfermedades Mágicas,7.0,
WH2,WH236030,DILEMAS ÉTICOS EN HECHICERIA,8.0,
WH3,WH336030,DILEMAS ÉTICOS EN HECHICERIA,8.0,
WH2,WH236031,Examinador de Aparición VII,8.0,
WH3,WH336031,Examinador de Aparición VII,8.0,
WH2,WH236032,CONCURSO DE ESCUELAS,8.0,
WH3,WH336032,CONCURSO DE ESCUELAS,8.0,
WH2,WH236033,EVALUACIÓN DE ENANOS,8.0,
WH3,WH336033,EVALUACIÓN DE ENANOS,8.0,
WH2,WH236034,PREPARACIÓN T.I.M.O I,9.0,
WH3,WH336034,PREPARACIÓN T.I.M.O I,9.0,
WH2,WH236035,TALLER Y PRÁCTICA VARITAS I,9.0,B
WH3,WH336035,TALLER Y PRÁCTICA VARITAS I,9.0,B
WH2,WH236036,PREPARACIÓN T.I.M.O II,10.0,
WH3,WH336036,PREPARACIÓN T.I.M.O II,10.0,
WH2,WH236037,TALLER Y PRÁCTICA VARITAS II,10.0,B
WH3,WH336037,TALLER Y PRÁCTICA VARITAS II,10.0,B
HS6,HS663099,HONESTIDAD,1.0,
MG3,MG363099,HONESTIDAD,1.0,
MG3,MG363102,EDUCACION Y MAGIAS HUMANAS,2.0,
MG3,MG363109,MAGIAS FUNDAMENTALES Y SU TUTELA MINISTERIAL,3.0,
MG3,MG363110,APARICION,3.0,
HD1,HD163117,ORQUESTA DE HOGWARTS,1.0,
HD2,HD263117,ORQUESTA DE HOGWARTS,1.0,
HD3,HD363117,ORQUESTA DE HOGWARTS,1.0,
HS1,HS163117,ORQUESTA DE HOGWARTS,1.0,
HS3,HS363117,ORQUESTA DE HOGWARTS,1.0,
HS4,HS463117,ORQUESTA DE HOGWARTS,1.0,
HS6,HS663117,ORQUESTA DE HOGWARTS,1.0,
MG1,MG163117,ORQUESTA DE HOGWARTS,1.0,
MG2,MG263117,ORQUESTA DE HOGWARTS,1.0,
MG3,MG363117,ORQUESTA DE HOGWARTS,1.0,
MG4,MG463117,ORQUESTA DE HOGWARTS,1.0,
MG5,MG563117,ORQUESTA DE HOGWARTS,1.0,
MG6,MG663117,ORQUESTA DE HOGWARTS,1.0,
MG9,MG963117,ORQUESTA DE HOGWARTS,1.0,
MG0,MG063117,ORQUESTA DE HOGWARTS,1.0,
MG11,MG1163117,ORQUESTA DE HOGWARTS,1.0,
MG9,MG963122,ADIVINACION  INTERNACIONAL,2.0,
MG0,MG063122,ADIVINACION  INTERNACIONAL,2.0,
HD4,HD463123,COMUNICACION MUGGLE,1.0,
HS5,HS563123,COMUNICACION MUGGLE,1.0,
MG1,MG163123,COMUNICACION MUGGLE,2.0,
MG6,MG663123,COMUNICACION MUGGLE,2.0,
MG11,MG1163123,COMUNICACION MUGGLE,2.0,
MG1,MG163125,SANGRE MESTIZA,2.0,
MG1,MG163127,POCION HERBOVITALIZANTE,3.0,
MG2,MG263127,POCION HERBOVITALIZANTE,3.0,
MG3,MG363127,POCION HERBOVITALIZANTE,3.0,
MG4,MG463127,POCION HERBOVITALIZANTE,3.0,
MG5,MG563127,POCION HERBOVITALIZANTE,3.0,
MG6,MG663127,POCION HERBOVITALIZANTE,3.0,
MG7,MG763127,POCION HERBOVITALIZANTE,3.0,
MG8,MG863127,POCION HERBOVITALIZANTE,3.0,
MG9,MG963127,POCION HERBOVITALIZANTE,3.0,
MG0,MG063127,POCION HERBOVITALIZANTE,3.0,
MG11,MG1163127,POCION HERBOVITALIZANTE,3.0,
MG1,MG163133,TALLER DE TIMO I,4.0,B
MG6,MG663133,TALLER DE TIMO I,4.0,B
MG9,MG963133,TALLER DE TIMO I,4.0,B
MG0,MG063133,TALLER DE TIMO I,4.0,B
MG11,MG1163133,TALLER DE TIMO I,4.0,B
MG11,MG1163133,TALLER DE TIMO I,4.0,B
MG1,MG163134,ELECTIVO I,4.0,L
MG6,MG663134,ELECTIVO I,4.0,L
MG6,MG663135,ELECTIVO II,4.0,L
MG1,MG163136,ETICA MUGGLE,4.0,
MG2,MG263136,ETICA MUGGLE,4.0,
MG4,MG463136,ETICA MUGGLE,4.0,
MG5,MG563136,ETICA MUGGLE,4.0,
MG6,MG663136,ETICA MUGGLE,4.0,
MG7,MG763136,ETICA MUGGLE,4.0,
MG8,MG863136,ETICA MUGGLE,4.0,
MG9,MG963136,ETICA MUGGLE,4.0,
MG0,MG063136,ETICA MUGGLE,4.0,
MG11,MG1163136,ETICA MUGGLE,4.0,
MG1,MG163137,TALLER DE TIMO II,5.0,B
MG6,MG663137,TALLER DE TIMO II,5.0,B
MG9,MG963137,TALLER DE TIMO II,5.0,B
MG0,MG063137,TALLER DE TIMO II,5.0,B
MG11,MG1163137,TALLER DE TIMO II,5.0,B
MG1,MG163138,ADIVINACION  MESTIZA,5.0,
MG6,MG663138,ADIVINACION  MESTIZA,5.0,
MG6,MG663139,ELECTIVO III,5.0,L
HD1,HD163140,KAFKA,1.0,
HD2,HD263140,KAFKA,1.0,
MG4,MG463140,KAFKA,1.0,
MG5,MG563140,KAFKA,1.0,
HD1,HD163142,Prueba de Aptitud Básica de Magia Ordinaria para Magos,1.0,
HD2,HD263142,Prueba de Aptitud Básica de Magia Ordinaria para Magos,1.0,
MG4,MG463142,Prueba de Aptitud Básica de Magia Ordinaria para Magos,1.0,
MG5,MG563142,Prueba de Aptitud Básica de Magia Ordinaria para Magos,1.0,
HD1,HD163143,TUTELA,1.0,
HD2,HD263143,TUTELA,1.0,
MG4,MG463143,TUTELA,1.0,
MG5,MG563143,TUTELA,1.0,
HD1,HD163144,LIBRO CHILLÓN,1.0,
HD2,HD263144,LIBRO CHILLÓN,1.0,
MG4,MG463144,LIBRO CHILLÓN,1.0,
MG5,MG563144,LIBRO CHILLÓN,1.0,
HD1,HD163145,Legeremancia.,1.0,
HD2,HD263145,Legeremancia.,1.0,
MG4,MG463145,Legeremancia.,1.0,
MG5,MG563145,Legeremancia.,1.0,
DM1,DM163146,Prueba de Aptitud Básica de Magia Ordinaria para Magos,1.0,
DM2,DM263146,Prueba de Aptitud Básica de Magia Ordinaria para Magos,1.0,
DM3,DM363146,Prueba de Aptitud Básica de Magia Ordinaria para Magos,1.0,
MG4,MG463146,Prueba de Aptitud Básica de Magia Ordinaria para Magos,2.0,
MG5,MG563146,Prueba de Aptitud Básica de Magia Ordinaria para Magos,2.0,
MG8,MG863146,Prueba de Aptitud Básica de Magia Ordinaria para Magos,2.0,
MG9,MG963146,Prueba de Aptitud Básica de Magia Ordinaria para Magos,2.0,
MG0,MG063146,Prueba de Aptitud Básica de Magia Ordinaria para Magos,2.0,
DM2,DM263148,PROCESO ENCANTADO,1.0,
DM3,DM363148,PROCESO ENCANTADO,1.0,
MG4,MG463148,PROCESO ENCANTADO,2.0,
MG5,MG563148,PROCESO ENCANTADO,2.0,
MG9,MG963148,PROCESO ENCANTADO,2.0,
MG0,MG063148,PROCESO ENCANTADO,2.0,
DM2,DM263150,Oclumancia,1.0,
DM3,DM363150,Oclumancia,1.0,
MG4,MG463150,Oclumancia,2.0,
MG5,MG563150,Oclumancia,2.0,
MG4,MG463152,INTERPRETACION DE REGLAS MAGICAS,3.0,
MG5,MG563152,INTERPRETACION DE REGLAS MAGICAS,3.0,
MG4,MG463153,Regulación y Control MUGGLE,3.0,
MG5,MG563153,Regulación y Control MUGGLE,3.0,
MG4,MG463154,MAGIAS FUNDAMENTALES Y SU TUTELA MINISTERIAL,3.0,
MG5,MG563154,MAGIAS FUNDAMENTALES Y SU TUTELA MINISTERIAL,3.0,
MG8,MG863156,TIRIBUNAL DE EXAMENES MAGICOS,3.0,
MG1,MG163158,PROCESO MUGGLE,4.0,
MG4,MG463158,PROCESO MUGGLE,4.0,
MG5,MG563158,PROCESO MUGGLE,4.0,
MG4,MG463159,Ajedrez mágico,4.0,
MG5,MG563159,Ajedrez mágico,4.0,
MG1,MG163163,ELECTIVO II,5.0,L
MG1,MG163175,Aingingein,3.0,
MG2,MG263175,Aingingein,3.0,
HD3,HD363185,FAMILIA MUGGLE CONTEMPORANEA,1.0,
MG1,MG163185,FAMILIA MUGGLE CONTEMPORANEA,1.0,
HD3,HD363187,MAGIA DE FAMILIA,1.0,
MG1,MG163187,MAGIA DE FAMILIA,1.0,
MG2,MG263187,MAGIA DE FAMILIA,1.0,
HD3,HD363188,EL MAGO NIÑO Y ADULTO,1.0,
MG1,MG163188,EL MAGO NIÑO Y ADULTO,1.0,
MG2,MG263188,EL MAGO NIÑO Y ADULTO,1.0,
HD3,HD363189,EMOCIONES Y PENA,1.0,
MG1,MG163189,EMOCIONES Y PENA,1.0,
MG2,MG263189,EMOCIONES Y PENA,1.0,
HD3,HD363190,POCION FORTIFICANTE,1.0,
HD3,HD363190,POCION FORTIFICANTE,1.0,
MG1,MG163190,POCION FORTIFICANTE,1.0,
HD3,HD363191,Carrera Anual de Escobas,1.0,
MG1,MG163191,Carrera Anual de Escobas,1.0,
MG1,MG163192,gatos Wampus,2.0,
MG2,MG263192,gatos Wampus,2.0,
MG1,MG163193,CONVIVENCIA EN HOGWARTS,2.0,
MG1,MG163195,Creaothceann,2.0,
MG1,MG163197,POCION CRECEPELO,2.0,
MG2,MG263197,POCION CRECEPELO,2.0,
MG1,MG163199,POCIÓN PARA DORMIR,3.0,
MG2,MG263199,POCIÓN PARA DORMIR,3.0,
MG1,MG163200,NORMATIVA SANITARIA,3.0,
MG1,MG163201,Quidditch,3.0,
MG2,MG263201,Quidditch,3.0,
MG1,MG163203,HERRAMIENTAS Y FIGURA DEMENTOR,3.0,
MG2,MG263203,HERRAMIENTAS Y FIGURA DEMENTOR,3.0,
HS4,HS463233,ESTUDIO DE TITULOS TIERRAS,1.0,
MG6,MG663233,ESTUDIO DE TITULOS TIERRAS,1.0,
MG11,MG1163233,ESTUDIO DE TITULOS TIERRAS,1.0,
MG6,MG663235,FENIX,1.0,
MG7,MG763235,FENIX,1.0,
MG6,MG663236,FINANCIAMIENTO DE LA BANCA,1.0,
MG6,MG663237,MAGIA DE LA SANGRE SUCIA,1.0,
HD4,HD463238,LIBRO DE SKURGE,1.0,
HS5,HS563238,LIBRO DE SKURGE,1.0,
MG6,MG663238,LIBRO DE SKURGE,2.0,
MG7,MG763238,LIBRO DE SKURGE,2.0,
MG11,MG1163238,LIBRO DE SKURGE,2.0,
HD4,HD463239,Mortífagos,1.0,
MG6,MG663239,Mortífagos,2.0,
MG7,MG763239,Mortífagos,1.0,
HD4,HD463241,FINANZAS DE LOS ENANOS,1.0,
MG6,MG663241,FINANZAS DE LOS ENANOS,2.0,
MG7,MG763241,FINANZAS DE LOS ENANOS,1.0,
HD4,HD463242,OROCUXES EMPRESARIAL,1.0,
MG6,MG663242,OROCUXES EMPRESARIAL,2.0,
MG7,MG763242,OROCUXES EMPRESARIAL,2.0,
HD4,HD463243,LIBROS INVISIBLE DE LA INVISIBILIDAD,1.0,
MG6,MG663243,LIBROS INVISIBLE DE LA INVISIBILIDAD,2.0,
MG7,MG763243,LIBROS INVISIBLE DE LA INVISIBILIDAD,2.0,
MG6,MG663245,Quodpot,3.0,
MG7,MG763245,Quodpot,3.0,
MG6,MG663246,Encantamiento para encender varitas,3.0,
MG6,MG663247,Control de Criaturas Mágicas,3.0,
MG6,MG663248,CONFLICTOS MUGGLE MAGOS,3.0,
MG6,MG663249,SOLUCIÓN AGRANDADORA,3.0,
MG7,MG763249,SOLUCIÓN AGRANDADORA,3.0,
HS1,HS163257,FUNCION PUBLICA Y PRINCIPIOS DEL BANCO MAGICO,1.0,
HS2,HS263257,FUNCION PUBLICA Y PRINCIPIOS DEL BANCO MAGICO,1.0,
MG8,MG863257,FUNCION PUBLICA Y PRINCIPIOS DEL BANCO MAGICO,1.0,
HS1,HS163259,ACTIVIDAD SANGRE SUCIA,1.0,
HS2,HS263259,ACTIVIDAD SANGRE SUCIA,1.0,
MG8,MG863259,ACTIVIDAD SANGRE SUCIA,1.0,
HS1,HS163260,ADMINISTRACION DE LA MAGIA,1.0,
HS1,HS163261,HONESTIDAD,1.0,
HS2,HS263261,HONESTIDAD,1.0,
MG1,MG163261,HONESTIDAD,4.0,
MG8,MG863261,HONESTIDAD,1.0,
HS1,HS163262,Control de Criaturas Mágicas,1.0,
HS2,HS263262,Control de Criaturas Mágicas,1.0,
MG6,MG663262,Control de Criaturas Mágicas,4.0,
MG8,MG863262,Control de Criaturas Mágicas,1.0,
DM1,DM163264,SUPREMACIA CUANTICA,1.0,
MG8,MG863264,SUPREMACIA CUANTICA,2.0,
MG6,MG663268,Shuntbumps,4.0,
HS4,HS463303,Stichstock,1.0,
MG11,MG1163303,Stichstock,1.0,
HS4,HS463305,Abarimon,1.0,
MG11,MG1163305,Abarimon,1.0,
HS4,HS463306,ACCIONES PROTECTORAS DE LA LA POSESION,1.0,
MG11,MG1163306,ACCIONES PROTECTORAS DE LA LA POSESION,1.0,
HS5,HS563309,ASIGNACION Y DISTRIBUCION DE LAS POCIONES,1.0,
MG11,MG1163309,ASIGNACION Y DISTRIBUCION DE LAS POCIONES,2.0,
HS5,HS563310,Torneo de los Tres Magos,1.0,
MG11,MG1163310,Torneo de los Tres Magos,2.0,
HS5,HS563312,COPROPIEDAD MUGGLE MAGOS,1.0,
MG11,MG1163312,COPROPIEDAD MUGGLE MAGOS,2.0,
HS5,HS563314,PÓCIMA PARA DORMIR,1.0,
MG11,MG1163314,PÓCIMA PARA DORMIR,2.0,
MG11,MG1163316,CONSTRUCCION Y MAGIA DE TIERRA,3.0,
MG11,MG1163317,la Piedra Filosofal,3.0,
MG11,MG1163318,BOSQUE MÁGICO Y EDIFICACION,3.0,
MG11,MG1163319,AFECTACION A UTILIDAD MUGGLE Y POSESIONES ANTIGUAS,3.0,
MG1,MG163322,MAGIA DE LA SANGRE SUCIA,5.0,
MG6,MG663322,MAGIA DE LA SANGRE SUCIA,4.0,
MG7,MG763322,MAGIA DE LA SANGRE SUCIA,4.0,
HS3,HS363420,Animago,1.0,
MG9,MG963420,Animago,1.0,
MG0,MG063420,Animago,1.0,
HS3,HS363421,PENA DE TRAICION A UN AMIGO,1.0,
MG9,MG963421,PENA DE TRAICION A UN AMIGO,1.0,
MG0,MG063421,PENA DE TRAICION A UN AMIGO,1.0,
HS3,HS363422,Cámara Secreta,1.0,
MG9,MG963422,Cámara Secreta,1.0,
MG0,MG063422,Cámara Secreta,1.0,
HS3,HS363423,POLITICA AZKABAN Y ADIVINACION,1.0,
MG9,MG963423,POLITICA AZKABAN Y ADIVINACION,1.0,
MG0,MG063423,POLITICA AZKABAN Y ADIVINACION,1.0,
MG9,MG963424,ALEGATOS DE LOS PERDEDORES,2.0,
MG0,MG063424,ALEGATOS DE LOS PERDEDORES,2.0,
MG9,MG963425,SEÑOR OSCURO,2.0,
MG0,MG063425,SEÑOR OSCURO,2.0,
MG9,MG963426,Lumos,3.0,
MG0,MG063426,Lumos,3.0,
MG9,MG963427,Skurge,3.0,
MG0,MG063427,Skurge,3.0,
MG9,MG963428,Rictusempra,3.0,
MG0,MG063428,Rictusempra,3.0,
MG9,MG963429,BÓVEDA 713,4.0,
MG0,MG063429,BÓVEDA 713,4.0,
MG9,MG963430,BÓVEDA 713  ESPECIAL,4.0,
MG0,MG063430,BÓVEDA 713  ESPECIAL,4.0,
MG9,MG963431,Finite incantatem,3.0,
MG0,MG063431,Finite incantatem,3.0,
MG9,MG963432,DELITOS CONTRA LA LIBERTAD SEXUAL,3.0,
MG0,MG063432,DELITOS CONTRA LA LIBERTAD SEXUAL,3.0,
MG9,MG963433,ELECTIVO I,5.0,L
MG0,MG063433,ELECTIVO I,5.0,L
MG9,MG963434,ELECTIVO II,5.0,L
MG0,MG063434,ELECTIVO II,5.0,L
MG1,MG163435,ELECTIVO: MAGIA BLANCA SANCIONADOR,4.0,L
MG6,MG663435,ELECTIVO: MAGIA BLANCA SANCIONADOR,4.0,L
MG6,MG663435,ELECTIVO: MAGIA BLANCA SANCIONADOR,5.0,L
MG1,MG163436,ELECTIVO: TEORIAS CONSPIRATIVAS,4.0,L
MG6,MG663436,ELECTIVO: TEORIAS CONSPIRATIVAS,4.0,L
MG6,MG663436,ELECTIVO: TEORIAS CONSPIRATIVAS,5.0,L
MG1,MG163437,ELECTIVO: PANORAMA ACTUAL DEL MAGIA  EN Colegio Ilvermorny de Magia y Hechicería,4.0,L
MG6,MG663437,ELECTIVO: PANORAMA ACTUAL DEL MAGIA  EN Colegio Ilvermorny de Magia y Hechicería,4.0,L
MG6,MG663437,ELECTIVO: PANORAMA ACTUAL DEL MAGIA  EN Colegio Ilvermorny de Magia y Hechicería,5.0,L
MG11,MG1163438,PROPIEDAD DE TIERRAS,4.0,
MG11,MG1163438,PROPIEDAD DE TIERRAS,4.0,
MG11,MG1163439,Merodeadores,4.0,
MG11,MG1163439,Merodeadores,4.0,
MG11,MG1163440,FRAUDE BANCARIO,5.0,
MG11,MG1163441,ELECTIVO DE PROFUNDIZACION,5.0,L
HS4,HS463442,MAGIA REGISTRAL,1.0,
MG11,MG1163442,MAGIA REGISTRAL,1.0,
MG11,MG1163443,Control de Criaturas Mágicas,3.0,
MG1,MG163444,ELECTIVO: MEDIACION,4.0,L
HD3,HD363445,INFUSION. PAR CONFUSION,1.0,
MG1,MG163445,INFUSION. PAR CONFUSION,1.0,
MG2,MG263445,INFUSION. PAR CONFUSION,1.0,
HD3,HD363446,Confederación Internacional de Brujos (C. I. B.),1.0,
MG1,MG163446,Confederación Internacional de Brujos (C. I. B.),1.0,
MG2,MG263446,Confederación Internacional de Brujos (C. I. B.),1.0,
MG1,MG163447,Prisionero de Azkaban,4.0,
MG2,MG263447,Prisionero de Azkaban,4.0,
MG1,MG163448,ELECTIVO DE PROFUNDIZACION,5.0,L
HS6,HS663449,VALORES M´GICOS,1.0,
MG3,MG363449,VALORES M´GICOS,1.0,
HS6,HS663450,MAGIAS HUMANOS Y MARCO MUGGLE,1.0,
MG3,MG363450,MAGIAS HUMANOS Y MARCO MUGGLE,1.0,
MG3,MG363451,TRABAJO FIN DECURSO I,4.0,
MG1,MG163452,Gárgola femenina,4.0,
MG3,MG363452,Gárgola femenina,4.0,
MG3,MG363453,INTRODUCCION A LOS CONCURSOS DE ESCUELAS,2.0,
MG3,MG363454,INSTITUCIONES PUBLICAS Y MAGICAS MUGGLES,2.0,
MG3,MG363455,PLANES NACIONALES EN MAGIAS MUGGLE,2.0,
MG3,MG363456,ELECTIVO DE PROFUNDIZACION,4.0,L
MG3,MG363457,SOCIEDAD  MUGGLE,2.0,
MG3,MG363458,GESTION Y PROYECTOS EN MAGIAS MUGGLE,3.0,
MG3,MG363459,TRABAJO FIN DECURSO II,5.0,
MG3,MG363460,DEFENSA INTERNACIONAL DE MAGIAS HUMANOS,3.0,
MG3,MG363461,BOSQUE MAGICO Y MAGIAS HUMANAS,5.0,
HS2,HS263462,BANCOS DE ENANOS,1.0,
MG8,MG863462,BANCOS DE ENANOS,1.0,
HS2,HS263463,CONTROL DE LA MAGIA,1.0,
MG8,MG863463,CONTROL DE LA MAGIA,1.0,
DM1,DM163464,ACCIONES PROTECTORAS DE LAS MAGIAS FUNDAMENTALES,1.0,
MG8,MG863464,ACCIONES PROTECTORAS DE LAS MAGIAS FUNDAMENTALES,2.0,
DM1,DM163465,MAGIA DEL MINISTERIO,1.0,
MG8,MG863465,MAGIA DEL MINISTERIO,2.0,
DM1,DM163466,"MAGIA ELECTORAL, PARTICIPACION MUGGLE Y MAGOS",1.0,
MG8,MG863466,"MAGIA ELECTORAL, PARTICIPACION MUGGLE Y MAGOS",2.0,
MG8,MG863467,FUENTES DEL MAGIA IBANCARIA,3.0,
MG8,MG863468,Abraxan,3.0,
MG8,MG863469,MAGIA INTERNACIONAL DEL BOSQUE MAGICO,3.0,
MG8,MG863470,POLITICA DE BOSQUE MÁGICO,3.0,
MG8,MG863471,TRABAJO FIN DECURSO I,4.0,
MG8,MG863472,ELECTIVO DE PROFUNDIZACION,4.0,L
MG8,MG863473,Encantamiento desarmador,4.0,
MG8,MG863474,TRABAJO FIN DECURSO II,5.0,
MG8,MG863475,MAGIA BLANCA INVIERNO,5.0,
DM2,DM263488,ADIVINACION  SUSTANTIVA,1.0,
DM3,DM363488,ADIVINACION  SUSTANTIVA,1.0,
MG4,MG463488,ADIVINACION  SUSTANTIVA,2.0,
MG5,MG563488,ADIVINACION  SUSTANTIVA,2.0,
DM2,DM263489,SALA DE LOS MENESTERES I,1.0,
DM3,DM363489,SALA DE LOS MENESTERES I,1.0,
MG4,MG463489,SALA DE LOS MENESTERES I,2.0,
MG5,MG563489,SALA DE LOS MENESTERES I,2.0,
MG4,MG463490,CONSTITUCION  COMO FUENTE DE LA POCION MAGICA,3.0,
MG5,MG563490,CONSTITUCION POLITICA COMO FUENTE DE LA POCION MAGICA,3.0,
MG4,MG463491,SALA DE LOS MENESTERES II,3.0,
MG5,MG563491,SALA DE LOS MENESTERES II,3.0,
MG4,MG463492,ELECTIVO DE PROFUNDIZACION,4.0,L
MG5,MG563492,ELECTIVO DE PROFUNDIZACION,4.0,L
MG4,MG463493,TRABAJO FIN DECURSO I,4.0,
MG5,MG563493,TRABAJO FIN DECURSO I,4.0,
MG4,MG463494,TRABAJO FIN DECURSO II,5.0,
MG5,MG563494,TRABAJO FIN DECURSO II,5.0,
MG4,MG463495,MAGIA BLANCA INVIERNO,5.0,
MG5,MG563495,MAGIA BLANCA INVIERNO,5.0,
DO1,DO163529,APROXIMACIONES EPISTEMOLOGICAS DEL HECHIZO,1.0,
DO1,DO163530,SEMINARIO ENCANTAMIENTOS  PATRIMONIALES,1.0,
DO1,DO163531,SEMINARIO MAGIAS FUNDAMENTALES,1.0,
DO1,DO163532,TUTORIA I: Vuelo del Hipogrifo,1.0,
DO1,DO163533,METODOLOGIA DE LA INVESTIGACION EN AZKABAN,2.0,
DO1,DO163534,SEMINARIO DE ADIVINACION,2.0,
DO1,DO163535,TUTORIA II: Dervish y Banges,2.0,
DO1,DO163536,ELECTIVO: TEORÍAS CONTEMPORÁNEAS DE LA JUSTICIA DE LOS MAGOS,3.0,L
DO1,DO163537,ELECTIVO: TEMAS ACTUALES DE MAGIA,3.0,L
DO1,DO163538,FORMULACION   TESIS I,3.0,
DO1,DO163539,TUTORIA III: Correo Lechuza,3.0,
DO1,DO163540,FORMULACION TESIS II,4.0,
DO1,DO163541,TIMO,4.0,
DO1,DO163542,ETICA DE LA INVESTIGACION EN HECHICERÍA,4.0,
DO1,DO163543,TUTORIA I DOCENCIA MAGICA,4.0,
DO1,DO163544,Colacuerno Húngaro,5.0,
DO1,DO163545,TUTORIA II: Pigwidgeon,5.0,
DO1,DO163546,TUTORIA III: Bola de fuego chino,5.0,
DO1,DO163547,Colacuerno Húngaro,6.0,
DO1,DO163548,EXAMEN DE PREVIO,6.0,
DO1,DO163549,Colacuerno Húngaro,7.0,
DO1,DO163550,CREDITOS DE DIFUSION DE RESULTADOS ACADEMICOS,,
DO1,DO163551,DEFENSA DE TESIS,8.0,
DO1,DO163552,CREDITOS DE DIFUSION DE RESULTADOS ACADEMICOS,8.0,
DO1,DO163574,ELECTIVO: MAGIA PENITENCIARIA EN AZKABAN,3.0,L
DO1,DO163574,ELECTIVO: MAGIA PENITENCIARIA EN AZKABAN,3.0,L
MG1,MG163575,ELECTIVO: FORMAS DE ABORDAJE DEL CONFLICTO MUGGLE MAGOS,5.0,L
MG6,MG663576,ELECTIVO:DEMENTORES,5.0,L
MG11,MG1163577,LEYES ESPECIALES,1.0,
MG11,MG1163578,Torneo de los Tres Magos,2.0,
MG11,MG1163579,Cáliz de Fuego,2.0,
MG11,MG1163580,TALLER DE Misterio del príncipe I,4.0,B
MG11,MG1163580,TALLER DE Misterio del príncipe I,4.0,B
MG11,MG1163581,Colacuerno Húngaro,4.0,
MG11,MG1163581,Colacuerno Húngaro,4.0,
MG11,MG1163582,TALLER DE  Misterio del príncipe,5.0,B
MG11,MG1163583,GESTIOS DE TIERRAS Y BOSQUE,5.0,
MG11,MG1163584,SEMINARIO INTER ESCUELAS,5.0,
DO1,DO163585,ELECTIVO: ORIGENES Y FUNDAMENTOS LA MAGIA,3.0,L
DO1,DO163586,TEMAS ACTUALES DE MAGIA INTERNACIONAL PÚBLICO,3.0,
DO1,DO163587,MAGIA MUGGLE DES INTEGRADA,3.0,
MG2,MG263609,FAMILIA MUGGLE,1.0,
MG2,MG263610,Orden del Fénix,1.0,
MG2,MG263611,CONVIVENCIA HUMANA,2.0,
MG2,MG263612,Encantamiento escudo,2.0,
MG2,MG263613,Misterio del Príncipe,2.0,
MG2,MG263614,"SISTEMA RESTAURATIVO PARA ABORDAR LA VIOLENCIA, ACOSO Y DISCRIMINACION EN UNIVERSIDADES",2.0,
MG2,MG263615,TECNICAS DE CONCIALIACION EN CONFLICTOS SOCIO JURIDICOS,3.0,
MG2,MG263616,TRABAJO FIN DECURSO I,4.0,
MG2,MG263617,TRABAJO FIN DECURSO II,5.0,
MG2,MG263618,ELECTIVO DE PROFUNDIZACION,5.0,L
MG7,MG763619,FINANCIAMIENTO DE LA MAGIA,1.0,
MG7,MG763620,MAGIA DE SEGUROS,1.0,
MG7,MG763621,Regulación de Criaturas Mágicas,1.0,
MG7,MG763622,DUE DILIGENCE,2.0,
MG7,MG763623,ESTRUCTURAS DE CASAS,2.0,
MG7,MG763624,ALEGATOS DE MAGIA NEGRA VS BLANCA,2.0,
MG7,MG763625,LEY DEL BANQUERO,3.0,
MG7,MG763626,RELIQUIAS DE LA MUERTE,3.0,
MG7,MG763627,TRABAJO FIN DECURSO I,4.0,
MG7,MG763628,TRABAJO FIN DECURSO II,4.0,
MG7,MG763629,TRABAJO FIN DECURSO II,5.0,
MG7,MG763630,ADIVINACION  I ENTERPRISE,5.0,
MG7,MG763631,Regulador de Escobas,5.0,
MG7,MG763632,MAGIA CONCURSAL,3.0,
DM4,DM463633,MODULO I: PDP,1.0,
DM4,DM463634,MODULO II: PSP,1.0,
DM4,DM463635,MODULO III: 20393,1.0,
DM4,DM463636,MODULO IV:CIA,1.0,
DM4,DM463637,ÉXTASIS (Exámenes Terribles de Alta Sabiduría e Invocaciones Secretas),1.0,
HG1,HG165055,Trasladores,1.0,
HG2,HG265055,Trasladores,1.0,
HG1,HG165056,FUNDAMENTOS DE LA HECHICERÍA,1.0,
HG2,HG265056,FUNDAMENTOS DE LA HECHICERÍA,1.0,
HG1,HG165057,INVESTIGACIÓN SOCIAL ENANA,1.0,
HG2,HG265057,INVESTIGACIÓN SOCIAL ENANA,1.0,
HG1,HG165058,INVESTIGACIÓN SOCIAL BANCARIA,1.0,
HG2,HG265058,INVESTIGACIÓN SOCIAL BANCARIA,1.0,
HG1,HG165059,TALLER DE TIMO I,1.0,B
HG2,HG265059,TALLER DE TIMO I,1.0,B
HG1,HG165060,CASTELLANO  PARA MAGOS,1.0,
HG2,HG265060,CASTELLANO  PARA MAGOS,1.0,
HG1,HG165061,DILEMAS ETICOS EN HECHICERIA,2.0,
HG2,HG265061,DILEMAS ETICOS EN HECHICERIA,2.0,
HG1,HG165062,FUNDAMENTOS  DE LA INTERVENCION MAGICA,2.0,
HG2,HG265062,FUNDAMENTOS  DE LA INTERVENCION MAGICA,2.0,
HG1,HG165063,AUTOBUS NOCTÁMBULO,2.0,
HG2,HG265063,AUTOBUS NOCTÁMBULO,2.0,
HG1,HG165064,Crookshanks,2.0,
HG2,HG265064,Crookshanks,2.0,
HG1,HG165065,TALLER DE Common Welsh II,2.0,B
HG2,HG265065,TALLER DE Common Welsh II,2.0,B
HG1,HG165066,TALLER DE Horned,2.0,B
HG2,HG265066,TALLER DE Horned,2.0,B
MT1,MT165078,Venenos indetectables,3.0,
MT2,MT265078,Venenos indetectables,3.0,
MD1,MD165088,Antídoto para venenos poco comunes,1.0,
MT1,MT165088,Antídoto para venenos poco comunes,1.0,
MT2,MT265088,Antídoto para venenos poco comunes,1.0,
MT1,MT165100,"ESPACIO, ESCUELA Y BOSQUE",4.0,
MT1,MT165100,"ESPACIO, ESCUELA Y BOSQUE",4.0,
MT2,MT265100,"ESPACIO, ESCUELA Y BOSQUE",4.0,
MT2,MT265100,"ESPACIO, ESCUELA Y BOSQUE",4.0,
MT1,MT165101,INTERVENCIÓN EN ESPACIOS COMPARTIDOS,4.0,
MT1,MT165101,INTERVENCIÓN EN ESPACIOS COMPARTIDOS,4.0,
MT2,MT265101,INTERVENCIÓN EN ESPACIOS COMPARTIDOS,4.0,
MT2,MT265101,INTERVENCIÓN EN ESPACIOS COMPARTIDOS,4.0,
MD1,MD165106,CO-CONSTRUCCION Y DECONSTRUCCION DE PROBLEMAS EN PRACTICAS DIALOGICAS INVERSAS,1.0,
MT1,MT165106,CO-CONSTRUCCION Y DECONSTRUCCION DE PROBLEMAS EN PRACTICAS DIALOGICAS INVERSAS,1.0,
MT2,MT265106,CO-CONSTRUCCION Y DECONSTRUCCION DE PROBLEMAS EN PRACTICAS DIALOGICAS INVERSAS,1.0,
MD1,MD165120,FUNDAMENTOS DEL DESARROLLO MUGGLE,1.0,
MT1,MT165120,FUNDAMENTOS DEL DESARROLLO MUGGLE,1.0,
MT2,MT265120,FUNDAMENTOS DEL DESARROLLO MUGGLE,1.0,
MD1,MD165121,FUNDAMENTOS DE LA INTERVENCION MUGGLE,1.0,
MT1,MT165121,FUNDAMENTOS DE LA INTERVENCION MUGGLE,1.0,
MT2,MT265121,FUNDAMENTOS DE LA INTERVENCION MUGGLE,1.0,
MD1,MD165122,DIVERSIDAD DE CRIATURAS,1.0,
MT1,MT165122,DIVERSIDAD DE CRIATURAS,1.0,
MT2,MT265122,DIVERSIDAD DE CRIATURAS,1.0,
MT1,MT165123,Transformación,2.0,
MT2,MT265123,Transformación,2.0,
MT1,MT165124,INTERCULTURALIDAD: MUGGLE MAGOS,2.0,
MT2,MT265124,INTERCULTURALIDAD: MUGGLE MAGOS,2.0,
MT1,MT165125,Galés Verde,2.0,
MT2,MT265125,Galés Verde,2.0,
MT1,MT165126,Doxycida,2.0,
MT2,MT265126,Doxycida,2.0,
MT1,MT165127,TALLER Y PASANTIA DE Galés Verde,2.0,B
MT2,MT265127,TALLER Y PASANTIA DE Galés Verde,2.0,B
MT1,MT165128,SEMINARIO EN MUGGLE,3.0,
MT2,MT265128,SEMINARIO EN MUGGLE,3.0,
MT1,MT165129,Caparazón de chizpurfle,3.0,
MT2,MT265129,Caparazón de chizpurfle,3.0,
MT1,MT165130,TALLER DE Fawkes I,4.0,B
MT2,MT265130,TALLER DE Fawkes I,4.0,B
MT1,MT165131,Acromántula,4.0,
MT1,MT165131,Acromántula,4.0,
MT2,MT265131,Acromántula,4.0,
MT2,MT265131,Acromántula,4.0,
MT1,MT165132,TALLER DE Fawkes II,5.0,B
MT2,MT265132,TALLER DE Fawkes II,5.0,B
MT1,MT165133,ELECTIVO,5.0,L
MT2,MT265133,ELECTIVO,5.0,L
HG1,HG165229,DISEÑO DE INVESTIGACIÓN MAGICA,2.0,
HG2,HG265229,DISEÑO DE INVESTIGACIÓN MAGICA,2.0,
MT1,MT166143,Caballito de mar volador[,5.0,
MT1,MT168114,SISTEMA ANCIANOS MUGGLE,5.0,